Bus_name,Bus_type,Start_time,End_time,Total_duration,Price,Seats_Available,Ratings,Route_name,Route_link
TGSRTC - 8678,Super Luxury (Non AC Seater 2+2 Push Back),01:00,05:20,04h 20m,320,31 Seats available,4.3,Hyderabad to Khammam,https://www.redbus.in/bus-tickets/hyderabad-to-khammam
TGSRTC - 4167,RAJDHANI (A.C. Semi Sleeper),04:15,07:45,03h 30m,389,27 Seats available,4.1,Hyderabad to Khammam,https://www.redbus.in/bus-tickets/hyderabad-to-khammam
TGSRTC - 1318,LAHARI A/C SLEEPER CUM SEATER,04:40,09:40,05h 00m,389,12 Seats available,4.1,Hyderabad to Khammam,https://www.redbus.in/bus-tickets/hyderabad-to-khammam
TGSRTC - 8823,Super Luxury (Non AC Seater 2+2 Push Back),04:45,09:00,04h 15m,320,30 Seats available,4.5,Hyderabad to Khammam,https://www.redbus.in/bus-tickets/hyderabad-to-khammam
TGSRTC - 8674,RAJDHANI (A.C. Semi Sleeper),05:00,08:30,03h 30m,389,32 Seats available,4.9,Hyderabad to Khammam,https://www.redbus.in/bus-tickets/hyderabad-to-khammam
TGSRTC - 64023,RAJDHANI (A.C. Semi Sleeper),05:00,10:15,05h 15m,389,24 Seats available,4.3,Hyderabad to Khammam,https://www.redbus.in/bus-tickets/hyderabad-to-khammam
TGSRTC - 6923,Super Luxury (Non AC Seater 2+2 Push Back),05:30,10:30,05h 00m,320,32 Seats available,3.8,Hyderabad to Khammam,https://www.redbus.in/bus-tickets/hyderabad-to-khammam
TGSRTC - 1951,LAHARI A/C SLEEPER CUM SEATER,05:35,11:00,05h 25m,389,21 Seats available,4.3,Hyderabad to Khammam,https://www.redbus.in/bus-tickets/hyderabad-to-khammam
TGSRTC - 8680,RAJDHANI (A.C. Semi Sleeper),05:45,09:15,03h 30m,389,32 Seats available,3.8,Hyderabad to Khammam,https://www.redbus.in/bus-tickets/hyderabad-to-khammam
TGSRTC - 8809,Super Luxury (Non AC Seater 2+2 Push Back),05:45,11:40,05h 55m,320,21 Seats available,4.4,Hyderabad to Khammam,https://www.redbus.in/bus-tickets/hyderabad-to-khammam
TGSRTC - 48859,Super Luxury (Non AC Seater 2+2 Push Back),05:50,09:50,04h 00m,320,31 Seats available,3.8,Hyderabad to Khammam,https://www.redbus.in/bus-tickets/hyderabad-to-khammam
TGSRTC - 8920,Super Luxury (Non AC Seater 2+2 Push Back),06:20,10:45,04h 25m,320,33 Seats available,3.8,Hyderabad to Khammam,https://www.redbus.in/bus-tickets/hyderabad-to-khammam
TGSRTC - 8806,Super Luxury (Non AC Seater 2+2 Push Back),06:20,12:45,06h 25m,320,30 Seats available,4.5,Hyderabad to Khammam,https://www.redbus.in/bus-tickets/hyderabad-to-khammam
TGSRTC - 8666,LAHARI A/C SLEEPER CUM SEATER,06:30,10:10,03h 40m,389,28 Seats available,2.7,Hyderabad to Khammam,https://www.redbus.in/bus-tickets/hyderabad-to-khammam
TGSRTC - 8638,RAJDHANI (A.C. Semi Sleeper),06:45,10:15,03h 30m,389,29 Seats available,5.0,Hyderabad to Khammam,https://www.redbus.in/bus-tickets/hyderabad-to-khammam
RRR Travels,A/C Sleeper (2+1),22:00,04:00,06h 00m,900,29 Seats available,4.0,Hyderabad to Khammam,https://www.redbus.in/bus-tickets/hyderabad-to-khammam
BSR Tours And Travels,A/C Seater / Sleeper (2+1),22:00,03:10,05h 10m,580,25 Seats available,4.9,Hyderabad to Khammam,https://www.redbus.in/bus-tickets/hyderabad-to-khammam
Bharathi Tours & Travels,Non A/C Seater / Sleeper (2+1),21:20,03:30,06h 10m,495,23 Seats available,4.4,Hyderabad to Khammam,https://www.redbus.in/bus-tickets/hyderabad-to-khammam
Bharathi Tours & Travels,Non A/C Seater / Sleeper (2+1),22:20,03:50,05h 30m,450,30 Seats available,4.7,Hyderabad to Khammam,https://www.redbus.in/bus-tickets/hyderabad-to-khammam
Bharathi Tours & Travels,Non A/C Seater / Sleeper (2+1),21:20,03:45,06h 25m,450,13 Seats available,5.0,Hyderabad to Khammam,https://www.redbus.in/bus-tickets/hyderabad-to-khammam
TGSRTC - 8935,Super Luxury (Non AC Seater 2+2 Push Back),00:20,04:10,03h 50m,320,29 Seats available,3.8,Khammam to Hyderabad,https://www.redbus.in/bus-tickets/khammam-to-hyderabad
TGSRTC - 8987,Super Luxury (Non AC Seater 2+2 Push Back),00:25,04:20,03h 55m,320,19 Seats available,3.3,Khammam to Hyderabad,https://www.redbus.in/bus-tickets/khammam-to-hyderabad
TGSRTC - 8885,Lahari Non A/C Sleeper Cum Seater,01:15,05:15,04h 00m,320,4 Seats available,4.6,Khammam to Hyderabad,https://www.redbus.in/bus-tickets/khammam-to-hyderabad
TGSRTC - 8615,RAJDHANI (A.C. Semi Sleeper),03:25,07:15,03h 50m,389,33 Seats available,5.0,Khammam to Hyderabad,https://www.redbus.in/bus-tickets/khammam-to-hyderabad
TGSRTC - 8653,RAJDHANI (A.C. Semi Sleeper),04:00,07:10,03h 10m,389,26 Seats available,4.5,Khammam to Hyderabad,https://www.redbus.in/bus-tickets/khammam-to-hyderabad
TGSRTC - 8611,Super Luxury (Non AC Seater 2+2 Push Back),04:40,08:50,04h 10m,320,26 Seats available,3.5,Khammam to Hyderabad,https://www.redbus.in/bus-tickets/khammam-to-hyderabad
TGSRTC - 8688,RAJDHANI (A.C. Semi Sleeper),04:45,07:55,03h 10m,389,27 Seats available,3.7,Khammam to Hyderabad,https://www.redbus.in/bus-tickets/khammam-to-hyderabad
TGSRTC - 8627,RAJDHANI (A.C. Semi Sleeper),05:00,08:30,03h 30m,389,25 Seats available,4.6,Khammam to Hyderabad,https://www.redbus.in/bus-tickets/khammam-to-hyderabad
TGSRTC - 8649,RAJDHANI (A.C. Semi Sleeper),05:30,09:00,03h 30m,389,31 Seats available,3.4,Khammam to Hyderabad,https://www.redbus.in/bus-tickets/khammam-to-hyderabad
TGSRTC - 1321,LAHARI A/C SLEEPER CUM SEATER,05:40,09:20,03h 40m,389,38 Seats available,3.5,Khammam to Hyderabad,https://www.redbus.in/bus-tickets/khammam-to-hyderabad
TGSRTC - 64187,Super Luxury (Non AC Seater 2+2 Push Back),05:45,10:30,04h 45m,320,31 Seats available,2.9,Khammam to Hyderabad,https://www.redbus.in/bus-tickets/khammam-to-hyderabad
TGSRTC - 64959,Super Luxury (Non AC Seater 2+2 Push Back),05:50,10:10,04h 20m,320,28 Seats available,3.0,Khammam to Hyderabad,https://www.redbus.in/bus-tickets/khammam-to-hyderabad
TGSRTC - 8694,RAJDHANI (A.C. Semi Sleeper),06:15,09:35,03h 20m,389,27 Seats available,4.1,Khammam to Hyderabad,https://www.redbus.in/bus-tickets/khammam-to-hyderabad
TGSRTC - 8937,Deluxe (Non AC Seater 2+2),06:30,11:00,04h 30m,281,34 Seats available,3.8,Khammam to Hyderabad,https://www.redbus.in/bus-tickets/khammam-to-hyderabad
TGSRTC - 8633,Super Luxury (Non AC Seater 2+2 Push Back),06:45,10:55,04h 10m,320,31 Seats available,4.3,Khammam to Hyderabad,https://www.redbus.in/bus-tickets/khammam-to-hyderabad
TGSRTC - 8603,Rajdhani (AC Semi Sleeper 2+2),07:00,10:20,03h 20m,389,33 Seats available,4.0,Khammam to Hyderabad,https://www.redbus.in/bus-tickets/khammam-to-hyderabad
TGSRTC - 64826,Super Luxury (Non AC Seater 2+2 Push Back),07:10,11:30,04h 20m,320,31 Seats available,4.9,Khammam to Hyderabad,https://www.redbus.in/bus-tickets/khammam-to-hyderabad
TGSRTC - 1954,LAHARI A/C SLEEPER CUM SEATER,07:25,11:00,03h 35m,389,39 Seats available,3.6,Khammam to Hyderabad,https://www.redbus.in/bus-tickets/khammam-to-hyderabad
TGSRTC - 8707,Super Luxury (Non AC Seater 2+2 Push Back),07:30,11:45,04h 15m,320,29 Seats available,3.8,Khammam to Hyderabad,https://www.redbus.in/bus-tickets/khammam-to-hyderabad
TGSRTC - 68032,Super Luxury (Non AC Seater 2+2 Push Back),07:45,12:15,04h 30m,320,31 Seats available,3.8,Khammam to Hyderabad,https://www.redbus.in/bus-tickets/khammam-to-hyderabad
BSR Tours And Travels,A/C Sleeper (2+1),23:59,06:00,06h 01m,780,13 Seats available,4.9,Khammam to Hyderabad,https://www.redbus.in/bus-tickets/khammam-to-hyderabad
BSR Tours And Travels,A/C Seater / Sleeper (2+1),23:59,06:00,06h 01m,580,29 Seats available,4.3,Khammam to Hyderabad,https://www.redbus.in/bus-tickets/khammam-to-hyderabad
Bharathi Tours & Travels,Non A/C Seater / Sleeper (2+1),23:40,04:00,04h 20m,495,19 Seats available,3.8,Khammam to Hyderabad,https://www.redbus.in/bus-tickets/khammam-to-hyderabad
Naniâ€™s Sai Krishna Travels,Non A/C Seater / Sleeper (2+1),23:59,05:00,05h 01m,400,20 Seats available,4.3,Khammam to Hyderabad,https://www.redbus.in/bus-tickets/khammam-to-hyderabad
Sri Rama Travels,A/C Seater / Sleeper (2+1),01:00,06:15,05h 15m,555,10 Seats available,4.5,Khammam to Hyderabad,https://www.redbus.in/bus-tickets/khammam-to-hyderabad
TGSRTC - 9444,Super Luxury (Non AC Seater 2+2 Push Back),00:10,03:25,03h 15m,283,24 Seats available,4.8,Hyderabad to Karimnagar,https://www.redbus.in/bus-tickets/hyderabad-to-karimnagar
TGSRTC - 7064,e-SUP LUXURY (2+2),00:30,03:30,03h 00m,283,37 Seats available,3.5,Hyderabad to Karimnagar,https://www.redbus.in/bus-tickets/hyderabad-to-karimnagar
TGSRTC - 7066,e-SUP LUXURY (2+2),01:10,04:10,03h 00m,283,37 Seats available,3.5,Hyderabad to Karimnagar,https://www.redbus.in/bus-tickets/hyderabad-to-karimnagar
TGSRTC - 7299,Super Luxury (Non AC Seater 2+2 Push Back),01:30,04:30,03h 00m,283,31 Seats available,4.1,Hyderabad to Karimnagar,https://www.redbus.in/bus-tickets/hyderabad-to-karimnagar
TGSRTC - 7068,e-SUP LUXURY (2+2),01:50,04:50,03h 00m,283,37 Seats available,3.5,Hyderabad to Karimnagar,https://www.redbus.in/bus-tickets/hyderabad-to-karimnagar
TGSRTC - 7659,Super Luxury (Non AC Seater 2+2 Push Back),02:30,05:30,03h 00m,283,29 Seats available,3.8,Hyderabad to Karimnagar,https://www.redbus.in/bus-tickets/hyderabad-to-karimnagar
TGSRTC - 7070,e-SUP LUXURY (2+2),03:20,06:20,03h 00m,283,37 Seats available,2.1,Hyderabad to Karimnagar,https://www.redbus.in/bus-tickets/hyderabad-to-karimnagar
TGSRTC - 7350,Super Luxury (Non AC Seater 2+2 Push Back),03:30,06:45,03h 15m,283,28 Seats available,3.1,Hyderabad to Karimnagar,https://www.redbus.in/bus-tickets/hyderabad-to-karimnagar
TGSRTC - 7072,e-SUP LUXURY (2+2),04:00,07:00,03h 00m,283,31 Seats available,3.4,Hyderabad to Karimnagar,https://www.redbus.in/bus-tickets/hyderabad-to-karimnagar
TGSRTC - 7291,LAHARI A/C SLEEPER CUM SEATER,04:00,07:15,03h 15m,343,24 Seats available,3.6,Hyderabad to Karimnagar,https://www.redbus.in/bus-tickets/hyderabad-to-karimnagar
TGSRTC - 7809,LAHARI A/C SLEEPER CUM SEATER,04:40,08:15,03h 35m,343,22 Seats available,2.3,Hyderabad to Karimnagar,https://www.redbus.in/bus-tickets/hyderabad-to-karimnagar
TGSRTC - 8087,Super Luxury (Non AC Seater 2+2 Push Back),05:15,09:45,04h 30m,283,31 Seats available,3.5,Hyderabad to Karimnagar,https://www.redbus.in/bus-tickets/hyderabad-to-karimnagar
TGSRTC - 7226,Super Luxury (Non AC Seater 2+2 Push Back),05:30,09:30,04h 00m,283,8 Seats available,4.1,Hyderabad to Karimnagar,https://www.redbus.in/bus-tickets/hyderabad-to-karimnagar
TGSRTC - 7002,e-SUP LUXURY (2+2),06:00,09:00,03h 00m,283,31 Seats available,4.5,Hyderabad to Karimnagar,https://www.redbus.in/bus-tickets/hyderabad-to-karimnagar
TGSRTC - 7689,Super Luxury (Non AC Seater 2+2 Push Back),06:20,09:20,03h 00m,283,31 Seats available,3.6,Hyderabad to Karimnagar,https://www.redbus.in/bus-tickets/hyderabad-to-karimnagar
TGSRTC - 7004,e-SUP LUXURY (2+2),07:00,10:00,03h 00m,283,35 Seats available,4.4,Hyderabad to Karimnagar,https://www.redbus.in/bus-tickets/hyderabad-to-karimnagar
TGSRTC - 8095,Super Luxury (Non AC Seater 2+2 Push Back),07:00,11:15,04h 15m,283,31 Seats available,3.5,Hyderabad to Karimnagar,https://www.redbus.in/bus-tickets/hyderabad-to-karimnagar
TGSRTC - 7309,RAJDHANI (A.C. Semi Sleeper),07:00,11:20,04h 20m,343,34 Seats available,3.5,Hyderabad to Karimnagar,https://www.redbus.in/bus-tickets/hyderabad-to-karimnagar
TGSRTC - 7476,Super Luxury (Non AC Seater 2+2 Push Back),07:30,11:15,03h 45m,283,30 Seats available,4.7,Hyderabad to Karimnagar,https://www.redbus.in/bus-tickets/hyderabad-to-karimnagar
TGSRTC - 7006,e-SUP LUXURY (2+2),07:50,10:50,03h 00m,283,36 Seats available,3.5,Hyderabad to Karimnagar,https://www.redbus.in/bus-tickets/hyderabad-to-karimnagar
Orange Tours and Travels,Scania AC Multi Axle Sleeper (2+1),05:00,08:00,03h 00m,700,21 Seats available,3.1,Hyderabad to Karimnagar,https://www.redbus.in/bus-tickets/hyderabad-to-karimnagar
Northern Travels,Bharat Benz A/C Seater /Sleeper (2+1),07:00,09:30,02h 30m,712,30 Seats available,3.4,Hyderabad to Karimnagar,https://www.redbus.in/bus-tickets/hyderabad-to-karimnagar
Morning Star Travels,A/C Sleeper (2+1),03:40,07:45,04h 05m,500,20 Seats available,2.2,Hyderabad to Karimnagar,https://www.redbus.in/bus-tickets/hyderabad-to-karimnagar
IRA Transports,A/C Sleeper (2+1),05:30,09:05,03h 35m,719,18 Seats available,3.6,Hyderabad to Karimnagar,https://www.redbus.in/bus-tickets/hyderabad-to-karimnagar
Mythri Tours And Travels,A/C Sleeper (2+1),05:00,08:30,03h 30m,909,9 Seats available,4.5,Hyderabad to Karimnagar,https://www.redbus.in/bus-tickets/hyderabad-to-karimnagar
TGSRTC - 8176,Super Luxury (Non AC Seater 2+2 Push Back),04:15,10:25,06h 10m,429,31 Seats available,4.6,Hyderabad to Mancherial,https://www.redbus.in/bus-tickets/hyderabad-to-mancherial
TGSRTC - 8150,Super Luxury (Non AC Seater 2+2 Push Back),04:30,10:00,05h 30m,429,31 Seats available,3.8,Hyderabad to Mancherial,https://www.redbus.in/bus-tickets/hyderabad-to-mancherial
TGSRTC - 8073,Super Luxury (Non AC Seater 2+2 Push Back),05:00,11:25,06h 25m,429,29 Seats available,3.8,Hyderabad to Mancherial,https://www.redbus.in/bus-tickets/hyderabad-to-mancherial
TGSRTC - 8015,RAJDHANI (A.C. Semi Sleeper),05:30,11:40,06h 10m,520,29 Seats available,2.8,Hyderabad to Mancherial,https://www.redbus.in/bus-tickets/hyderabad-to-mancherial
TGSRTC - 8071,Super Luxury (Non AC Seater 2+2 Push Back),06:00,12:25,06h 25m,429,26 Seats available,3.5,Hyderabad to Mancherial,https://www.redbus.in/bus-tickets/hyderabad-to-mancherial
TGSRTC - 8129,Super Luxury (Non AC Seater 2+2 Push Back),06:15,12:25,06h 10m,429,31 Seats available,3.8,Hyderabad to Mancherial,https://www.redbus.in/bus-tickets/hyderabad-to-mancherial
TGSRTC - 8075,Super Luxury (Non AC Seater 2+2 Push Back),06:30,12:55,06h 25m,429,30 Seats available,3.8,Hyderabad to Mancherial,https://www.redbus.in/bus-tickets/hyderabad-to-mancherial
TGSRTC - 8097,Super Luxury (Non AC Seater 2+2 Push Back),06:45,12:55,06h 10m,429,31 Seats available,3.8,Hyderabad to Mancherial,https://www.redbus.in/bus-tickets/hyderabad-to-mancherial
TGSRTC - 8173,Super Luxury (Non AC Seater 2+2 Push Back),07:00,13:10,06h 10m,429,31 Seats available,3.3,Hyderabad to Mancherial,https://www.redbus.in/bus-tickets/hyderabad-to-mancherial
TGSRTC - 8061,Super Luxury (Non AC Seater 2+2 Push Back),07:20,13:50,06h 30m,429,31 Seats available,3.8,Hyderabad to Mancherial,https://www.redbus.in/bus-tickets/hyderabad-to-mancherial
TGSRTC - 8163,Super Luxury (Non AC Seater 2+2 Push Back),07:35,13:45,06h 10m,429,43 Seats available,3.1,Hyderabad to Mancherial,https://www.redbus.in/bus-tickets/hyderabad-to-mancherial
TGSRTC - 8189,Super Luxury (Non AC Seater 2+2 Push Back),08:00,14:10,06h 10m,429,31 Seats available,4.3,Hyderabad to Mancherial,https://www.redbus.in/bus-tickets/hyderabad-to-mancherial
TGSRTC - 8055,LAHARI A/C SLEEPER CUM SEATER,08:30,15:00,06h 30m,520,34 Seats available,2.5,Hyderabad to Mancherial,https://www.redbus.in/bus-tickets/hyderabad-to-mancherial
TGSRTC - 8183,Super Luxury (Non AC Seater 2+2 Push Back),08:50,15:00,06h 10m,429,30 Seats available,3.3,Hyderabad to Mancherial,https://www.redbus.in/bus-tickets/hyderabad-to-mancherial
TGSRTC - 8063,Super Luxury (Non AC Seater 2+2 Push Back),09:30,16:00,06h 30m,429,31 Seats available,3.3,Hyderabad to Mancherial,https://www.redbus.in/bus-tickets/hyderabad-to-mancherial
TGSRTC - 8036,Super Luxury (Non AC Seater 2+2 Push Back),10:00,16:10,06h 10m,429,31 Seats available,4.2,Hyderabad to Mancherial,https://www.redbus.in/bus-tickets/hyderabad-to-mancherial
TGSRTC - 8077,Super Luxury (Non AC Seater 2+2 Push Back),10:30,16:55,06h 25m,429,35 Seats available,3.8,Hyderabad to Mancherial,https://www.redbus.in/bus-tickets/hyderabad-to-mancherial
TGSRTC - 8030,Lahari Non A/C Sleeper Cum Seater,11:00,17:15,06h 15m,447,31 Seats available,3.4,Hyderabad to Mancherial,https://www.redbus.in/bus-tickets/hyderabad-to-mancherial
TGSRTC - 8146,LAHARI A/C SLEEPER CUM SEATER,11:30,18:00,06h 30m,520,38 Seats available,3.8,Hyderabad to Mancherial,https://www.redbus.in/bus-tickets/hyderabad-to-mancherial
TGSRTC - 8148,Super Luxury (Non AC Seater 2+2 Push Back),12:00,18:25,06h 25m,429,31 Seats available,3.8,Hyderabad to Mancherial,https://www.redbus.in/bus-tickets/hyderabad-to-mancherial
Mythri Tours And Travels,A/C Sleeper (2+1),05:00,10:00,05h 00m,909,9 Seats available,4.5,Hyderabad to Mancherial,https://www.redbus.in/bus-tickets/hyderabad-to-mancherial
Orange Tours and Travels,Scania AC Multi Axle Sleeper (2+1),05:00,09:15,04h 15m,900,21 Seats available,2.4,Hyderabad to Mancherial,https://www.redbus.in/bus-tickets/hyderabad-to-mancherial
Morning Star Travels,A/C Sleeper (2+1),03:40,10:00,06h 20m,500,20 Seats available,1.7,Hyderabad to Mancherial,https://www.redbus.in/bus-tickets/hyderabad-to-mancherial
DNR Express,AC Sleeper (2+1),21:30,02:00,04h 30m,1099,16 Seats available,3.4,Hyderabad to Mancherial,https://www.redbus.in/bus-tickets/hyderabad-to-mancherial
IRA Transports,VE A/C Sleeper (2+1),06:00,10:15,04h 15m,1199,12 Seats available,4.0,Hyderabad to Mancherial,https://www.redbus.in/bus-tickets/hyderabad-to-mancherial
TGSRTC - 8823,Super Luxury (Non AC Seater 2+2 Push Back),04:45,10:30,05h 45m,453,28 Seats available,4.0,Hyderabad to Sathupally,https://www.redbus.in/bus-tickets/hyderabad-to-sathupalli
TGSRTC - 8809,Super Luxury (Non AC Seater 2+2 Push Back),05:45,13:15,07h 30m,453,31 Seats available,4.5,Hyderabad to Sathupally,https://www.redbus.in/bus-tickets/hyderabad-to-sathupalli
TGSRTC - 48859,Super Luxury (Non AC Seater 2+2 Push Back),05:50,11:20,05h 30m,453,31 Seats available,4.0,Hyderabad to Sathupally,https://www.redbus.in/bus-tickets/hyderabad-to-sathupalli
TGSRTC - 8806,Super Luxury (Non AC Seater 2+2 Push Back),06:20,14:35,08h 15m,453,28 Seats available,4.6,Hyderabad to Sathupally,https://www.redbus.in/bus-tickets/hyderabad-to-sathupalli
TGSRTC - 64825,Super Luxury (Non AC Seater 2+2 Push Back),07:00,15:15,08h 15m,453,31 Seats available,4.4,Hyderabad to Sathupally,https://www.redbus.in/bus-tickets/hyderabad-to-sathupalli
TGSRTC - 8817,Super Luxury (Non AC Seater 2+2 Push Back),07:10,15:10,08h 00m,453,29 Seats available,4.0,Hyderabad to Sathupally,https://www.redbus.in/bus-tickets/hyderabad-to-sathupalli
TGSRTC - 64566,RAJDHANI (A.C. Semi Sleeper),09:15,18:10,08h 55m,550,31 Seats available,4.0,Hyderabad to Sathupally,https://www.redbus.in/bus-tickets/hyderabad-to-sathupalli
TGSRTC - 8818,Super Luxury (Non AC Seater 2+2 Push Back),09:20,17:10,07h 50m,453,30 Seats available,3.3,Hyderabad to Sathupally,https://www.redbus.in/bus-tickets/hyderabad-to-sathupalli
TGSRTC - 8895,RAJDHANI (A.C. Semi Sleeper),10:00,17:45,07h 45m,550,27 Seats available,3.0,Hyderabad to Sathupally,https://www.redbus.in/bus-tickets/hyderabad-to-sathupalli
TGSRTC - 8850,Super Luxury (Non AC Seater 2+2 Push Back),11:15,20:00,08h 45m,453,30 Seats available,3.1,Hyderabad to Sathupally,https://www.redbus.in/bus-tickets/hyderabad-to-sathupalli
TGSRTC - 64958,Super Luxury (Non AC Seater 2+2 Push Back),14:20,20:35,06h 15m,453,31 Seats available,3.4,Hyderabad to Sathupally,https://www.redbus.in/bus-tickets/hyderabad-to-sathupalli
TGSRTC - 64828,Super Luxury (Non AC Seater 2+2 Push Back),16:15,22:50,06h 35m,453,30 Seats available,3.8,Hyderabad to Sathupally,https://www.redbus.in/bus-tickets/hyderabad-to-sathupalli
TGSRTC - 2492,Super Luxury (Non AC Seater 2+2 Push Back),17:30,01:30,08h 00m,456,31 Seats available,4.0,Hyderabad to Sathupally,https://www.redbus.in/bus-tickets/hyderabad-to-sathupalli
TGSRTC - 64363,Super Luxury (Non AC Seater 2+2 Push Back),18:00,23:55,05h 55m,453,29 Seats available,2.3,Hyderabad to Sathupally,https://www.redbus.in/bus-tickets/hyderabad-to-sathupalli
TGSRTC - 2415,Super Luxury (Non AC Seater 2+2 Push Back),19:45,03:40,07h 55m,456,13 Seats available,4.0,Hyderabad to Sathupally,https://www.redbus.in/bus-tickets/hyderabad-to-sathupalli
Mozo travels,A/C Seater / Sleeper (2+1),22:40,05:05,06h 25m,600,30 Seats available,4.3,Hyderabad to Sathupally,https://www.redbus.in/bus-tickets/hyderabad-to-sathupalli
Sri Venkateswara Travels,Non A/C Seater / Sleeper (2+1),22:30,05:00,06h 30m,550,25 Seats available,3.8,Hyderabad to Sathupally,https://www.redbus.in/bus-tickets/hyderabad-to-sathupalli
Bharathi Tours & Travels,Non A/C Seater / Sleeper (2+1),21:20,05:00,07h 40m,495,28 Seats available,3.7,Hyderabad to Sathupally,https://www.redbus.in/bus-tickets/hyderabad-to-sathupalli
Mythri Tours And Travels,A/C Sleeper (2+1),23:00,04:15,05h 15m,809,25 Seats available,4.3,Hyderabad to Sathupally,https://www.redbus.in/bus-tickets/hyderabad-to-sathupalli
Sri Krishna Travels(VGN),NON A/C Hi-Tech (2+2),20:40,05:00,08h 20m,600,22 Seats available,3.9,Hyderabad to Sathupally,https://www.redbus.in/bus-tickets/hyderabad-to-sathupalli
TGSRTC - 7918,Super Luxury (Non AC Seater 2+2 Push Back),04:15,11:40,07h 25m,504,25 Seats available,4.3,Hyderabad to Adilabad,https://www.redbus.in/bus-tickets/hyderabad-to-adilabad
TGSRTC - 1137,GARUDA PLUS (VOLVO / BENZ A.C Multi Axle),06:15,13:00,06h 45m,611,32 Seats available,4.0,Hyderabad to Adilabad,https://www.redbus.in/bus-tickets/hyderabad-to-adilabad
TGSRTC - 7938,RAJDHANI (A.C. Semi Sleeper),06:30,12:00,05h 30m,611,31 Seats available,3.8,Hyderabad to Adilabad,https://www.redbus.in/bus-tickets/hyderabad-to-adilabad
TGSRTC - 7930,Super Luxury (Non AC Seater 2+2 Push Back),07:30,14:55,07h 25m,504,30 Seats available,3.9,Hyderabad to Adilabad,https://www.redbus.in/bus-tickets/hyderabad-to-adilabad
TGSRTC - 7928,Super Luxury (Non AC Seater 2+2 Push Back),08:30,15:55,07h 25m,504,31 Seats available,3.8,Hyderabad to Adilabad,https://www.redbus.in/bus-tickets/hyderabad-to-adilabad
TGSRTC - 7922,Super Luxury (Non AC Seater 2+2 Push Back),10:00,17:25,07h 25m,504,43 Seats available,2.5,Hyderabad to Adilabad,https://www.redbus.in/bus-tickets/hyderabad-to-adilabad
TGSRTC - 7916,Lahari Non A/C Sleeper Cum Seater,10:30,17:55,07h 25m,504,41 Seats available,3.2,Hyderabad to Adilabad,https://www.redbus.in/bus-tickets/hyderabad-to-adilabad
TGSRTC - 7944,LAHARI A/C SLEEPER CUM SEATER,11:15,18:40,07h 25m,611,39 Seats available,2.8,Hyderabad to Adilabad,https://www.redbus.in/bus-tickets/hyderabad-to-adilabad
TGSRTC - 7924,Super Luxury (Non AC Seater 2+2 Push Back),13:10,20:35,07h 25m,504,31 Seats available,2.9,Hyderabad to Adilabad,https://www.redbus.in/bus-tickets/hyderabad-to-adilabad
TGSRTC - 7940,RAJDHANI (A.C. Semi Sleeper),13:10,18:40,05h 30m,611,27 Seats available,3.8,Hyderabad to Adilabad,https://www.redbus.in/bus-tickets/hyderabad-to-adilabad
TGSRTC - 7926,Super Luxury (Non AC Seater 2+2 Push Back),13:50,21:15,07h 25m,504,31 Seats available,2.5,Hyderabad to Adilabad,https://www.redbus.in/bus-tickets/hyderabad-to-adilabad
TGSRTC - 1139,GARUDA PLUS (VOLVO / BENZ A.C Multi Axle),14:20,21:20,07h 00m,611,33 Seats available,3.3,Hyderabad to Adilabad,https://www.redbus.in/bus-tickets/hyderabad-to-adilabad
TGSRTC - 7904,Super Luxury (Non AC Seater 2+2 Push Back),14:40,22:10,07h 30m,504,31 Seats available,3.9,Hyderabad to Adilabad,https://www.redbus.in/bus-tickets/hyderabad-to-adilabad
TGSRTC - 7902,Super Luxury (Non AC Seater 2+2 Push Back),15:25,21:50,06h 25m,504,30 Seats available,3.5,Hyderabad to Adilabad,https://www.redbus.in/bus-tickets/hyderabad-to-adilabad
TGSRTC - 2611,Lahari Non A/C Sleeper Cum Seater,15:30,22:40,07h 10m,504,42 Seats available,2.8,Hyderabad to Adilabad,https://www.redbus.in/bus-tickets/hyderabad-to-adilabad
TGSRTC - 1947,RAJDHANI (A.C. Semi Sleeper),15:45,22:45,07h 00m,611,34 Seats available,2.4,Hyderabad to Adilabad,https://www.redbus.in/bus-tickets/hyderabad-to-adilabad
TGSRTC - 7910,Super Luxury (Non AC Seater 2+2 Push Back),16:20,23:50,07h 30m,504,28 Seats available,3.8,Hyderabad to Adilabad,https://www.redbus.in/bus-tickets/hyderabad-to-adilabad
TGSRTC - 1135,Lahari Non A/C Sleeper Cum Seater,16:30,00:20,07h 50m,533,42 Seats available,2.7,Hyderabad to Adilabad,https://www.redbus.in/bus-tickets/hyderabad-to-adilabad
TGSRTC - 1155,Super Luxury (Non AC Seater 2+2 Push Back),17:30,01:20,07h 50m,533,41 Seats available,3.0,Hyderabad to Adilabad,https://www.redbus.in/bus-tickets/hyderabad-to-adilabad
TGSRTC - 7932,Super Luxury (Non AC Seater 2+2 Push Back),19:00,02:25,07h 25m,504,31 Seats available,3.7,Hyderabad to Adilabad,https://www.redbus.in/bus-tickets/hyderabad-to-adilabad
Orange Tours and Travels,Volvo Multi-Axle A/C (2+2),18:00,23:15,05h 15m,600,36 Seats available,3.9,Hyderabad to Adilabad,https://www.redbus.in/bus-tickets/hyderabad-to-adilabad
Sahara Tours and Travels,Bharat Benz A/C Seater (2+2),18:00,23:15,05h 15m,450,36 Seats available,3.8,Hyderabad to Adilabad,https://www.redbus.in/bus-tickets/hyderabad-to-adilabad
Savera Tours and Travels,NON A/C Sleeper (2+1),22:15,05:30,07h 15m,599,24 Seats available,3.8,Hyderabad to Adilabad,https://www.redbus.in/bus-tickets/hyderabad-to-adilabad
AdMuskan Travels,NON A/C Semi Sleeper (2+2),21:30,06:00,08h 30m,440,17 Seats available,3.4,Hyderabad to Adilabad,https://www.redbus.in/bus-tickets/hyderabad-to-adilabad
Sahara Tours and Travels,A/C Sleeper (2+1),22:30,04:45,06h 15m,650,22 Seats available,3.7,Hyderabad to Adilabad,https://www.redbus.in/bus-tickets/hyderabad-to-adilabad
TGSRTC - 1318,LAHARI A/C SLEEPER CUM SEATER,04:40,12:40,08h 00m,627,14 Seats available,4.0,Hyderabad to Bhadrachalam,https://www.redbus.in/bus-tickets/hyderabad-to-bhadrachalam
TGSRTC - 8705,Super Luxury (Non AC Seater 2+2 Push Back),05:10,12:25,07h 15m,517,30 Seats available,2.1,Hyderabad to Bhadrachalam,https://www.redbus.in/bus-tickets/hyderabad-to-bhadrachalam
TGSRTC - 1951,LAHARI A/C SLEEPER CUM SEATER,05:35,13:30,07h 55m,627,25 Seats available,3.9,Hyderabad to Bhadrachalam,https://www.redbus.in/bus-tickets/hyderabad-to-bhadrachalam
TGSRTC - 8727,Super Luxury (Non AC Seater 2+2 Push Back),06:00,13:15,07h 15m,517,30 Seats available,4.8,Hyderabad to Bhadrachalam,https://www.redbus.in/bus-tickets/hyderabad-to-bhadrachalam
TGSRTC - 8703,Super Luxury (Non AC Seater 2+2 Push Back),07:00,14:45,07h 45m,517,30 Seats available,4.8,Hyderabad to Bhadrachalam,https://www.redbus.in/bus-tickets/hyderabad-to-bhadrachalam
TGSRTC - 8780,RAJDHANI (A.C. Semi Sleeper),07:45,15:00,07h 15m,627,31 Seats available,3.8,Hyderabad to Bhadrachalam,https://www.redbus.in/bus-tickets/hyderabad-to-bhadrachalam
TGSRTC - 34334,LAHARI A/C SLEEPER CUM SEATER,08:00,15:00,07h 00m,627,32 Seats available,3.9,Hyderabad to Bhadrachalam,https://www.redbus.in/bus-tickets/hyderabad-to-bhadrachalam
TGSRTC - 34330,Super Luxury (Non AC Seater 2+2 Push Back),08:20,15:45,07h 25m,517,29 Seats available,3.8,Hyderabad to Bhadrachalam,https://www.redbus.in/bus-tickets/hyderabad-to-bhadrachalam
TGSRTC - 7647,Super Luxury (Non AC Seater 2+2 Push Back),09:30,18:10,08h 40m,517,31 Seats available,3.3,Hyderabad to Bhadrachalam,https://www.redbus.in/bus-tickets/hyderabad-to-bhadrachalam
TGSRTC - 8799,RAJDHANI (A.C. Semi Sleeper),09:40,16:45,07h 05m,627,31 Seats available,3.8,Hyderabad to Bhadrachalam,https://www.redbus.in/bus-tickets/hyderabad-to-bhadrachalam
TGSRTC - 1322,LAHARI A/C SLEEPER CUM SEATER,10:25,19:00,08h 35m,627,35 Seats available,3.7,Hyderabad to Bhadrachalam,https://www.redbus.in/bus-tickets/hyderabad-to-bhadrachalam
TGSRTC - 8755,Super Luxury (Non AC Seater 2+2 Push Back),12:20,19:45,07h 25m,517,29 Seats available,3.2,Hyderabad to Bhadrachalam,https://www.redbus.in/bus-tickets/hyderabad-to-bhadrachalam
TGSRTC - 8743,Super Luxury (Non AC Seater 2+2 Push Back),12:45,20:00,07h 15m,517,31 Seats available,3.7,Hyderabad to Bhadrachalam,https://www.redbus.in/bus-tickets/hyderabad-to-bhadrachalam
TGSRTC - 8719,Super Luxury (Non AC Seater 2+2 Push Back),13:30,20:45,07h 15m,517,25 Seats available,3.7,Hyderabad to Bhadrachalam,https://www.redbus.in/bus-tickets/hyderabad-to-bhadrachalam
TGSRTC - 8796,RAJDHANI (A.C. Semi Sleeper),14:10,21:25,07h 15m,627,29 Seats available,3.6,Hyderabad to Bhadrachalam,https://www.redbus.in/bus-tickets/hyderabad-to-bhadrachalam
TGSRTC - 1953,LAHARI A/C SLEEPER CUM SEATER,15:00,23:00,08h 00m,627,43 Seats available,4.4,Hyderabad to Bhadrachalam,https://www.redbus.in/bus-tickets/hyderabad-to-bhadrachalam
TGSRTC - 8798,RAJDHANI (A.C. Semi Sleeper),15:45,23:15,07h 30m,627,1 Seat available,3.9,Hyderabad to Bhadrachalam,https://www.redbus.in/bus-tickets/hyderabad-to-bhadrachalam
TGSRTC - 1320,LAHARI A/C SLEEPER CUM SEATER,15:55,23:50,07h 55m,627,43 Seats available,2.3,Hyderabad to Bhadrachalam,https://www.redbus.in/bus-tickets/hyderabad-to-bhadrachalam
TGSRTC - 8735,Super Luxury (Non AC Seater 2+2 Push Back),16:20,00:10,07h 50m,517,31 Seats available,2.5,Hyderabad to Bhadrachalam,https://www.redbus.in/bus-tickets/hyderabad-to-bhadrachalam
TGSRTC - 1229,Deluxe (Non AC Seater 2+2),17:00,00:20,07h 20m,450,33 Seats available,3.8,Hyderabad to Bhadrachalam,https://www.redbus.in/bus-tickets/hyderabad-to-bhadrachalam
BSR Tours And Travels,A/C Sleeper (2+1),22:00,05:30,07h 30m,780,12 Seats available,4.7,Hyderabad to Bhadrachalam,https://www.redbus.in/bus-tickets/hyderabad-to-bhadrachalam
BSR Tours And Travels,A/C Seater / Sleeper (2+1),22:00,05:30,07h 30m,580,25 Seats available,4.7,Hyderabad to Bhadrachalam,https://www.redbus.in/bus-tickets/hyderabad-to-bhadrachalam
Bharathi Tours & Travels,A/C Sleeper (2+1),21:20,06:30,09h 10m,621,24 Seats available,4.5,Hyderabad to Bhadrachalam,https://www.redbus.in/bus-tickets/hyderabad-to-bhadrachalam
Bharathi Tours & Travels,Non A/C Seater / Sleeper (2+1),21:20,06:30,09h 10m,450,10 Seats available,4.3,Hyderabad to Bhadrachalam,https://www.redbus.in/bus-tickets/hyderabad-to-bhadrachalam
Bharathi Tours & Travels,A/C Sleeper (2+1),22:20,05:50,07h 30m,711,25 Seats available,4.2,Hyderabad to Bhadrachalam,https://www.redbus.in/bus-tickets/hyderabad-to-bhadrachalam
TGSRTC - 7001,e-SUP LUXURY (2+2),01:00,04:00,03h 00m,283,31 Seats available,3.9,Karimnagar to Hyderabad,https://www.redbus.in/bus-tickets/karimnagar-to-hyderabad
TGSRTC - 7475,Super Luxury (Non AC Seater 2+2 Push Back),01:40,04:40,03h 00m,283,25 Seats available,3.8,Karimnagar to Hyderabad,https://www.redbus.in/bus-tickets/karimnagar-to-hyderabad
TGSRTC - 7150,RAJDHANI (A.C. Semi Sleeper),01:45,04:45,03h 00m,343,25 Seats available,3.8,Karimnagar to Hyderabad,https://www.redbus.in/bus-tickets/karimnagar-to-hyderabad
TGSRTC - 7375,Super Luxury (Non AC Seater 2+2 Push Back),01:55,04:55,03h 00m,283,25 Seats available,3.7,Karimnagar to Hyderabad,https://www.redbus.in/bus-tickets/karimnagar-to-hyderabad
TGSRTC - 7003,e-SUP LUXURY (2+2),02:00,05:00,03h 00m,283,36 Seats available,3.8,Karimnagar to Hyderabad,https://www.redbus.in/bus-tickets/karimnagar-to-hyderabad
TGSRTC - 7005,e-SUP LUXURY (2+2),02:50,05:50,03h 00m,283,37 Seats available,3.8,Karimnagar to Hyderabad,https://www.redbus.in/bus-tickets/karimnagar-to-hyderabad
TGSRTC - 7007,e-SUP LUXURY (2+2),03:10,06:10,03h 00m,283,36 Seats available,4.8,Karimnagar to Hyderabad,https://www.redbus.in/bus-tickets/karimnagar-to-hyderabad
TGSRTC - 7009,e-SUP LUXURY (2+2),03:30,06:30,03h 00m,283,36 Seats available,4.2,Karimnagar to Hyderabad,https://www.redbus.in/bus-tickets/karimnagar-to-hyderabad
TGSRTC - 7011,e-SUP LUXURY (2+2),04:00,07:00,03h 00m,283,31 Seats available,4.3,Karimnagar to Hyderabad,https://www.redbus.in/bus-tickets/karimnagar-to-hyderabad
TGSRTC - 7013,e-SUP LUXURY (2+2),04:30,07:30,03h 00m,283,37 Seats available,5.0,Karimnagar to Hyderabad,https://www.redbus.in/bus-tickets/karimnagar-to-hyderabad
TGSRTC - 7015,e-SUP LUXURY (2+2),05:00,08:00,03h 00m,283,36 Seats available,3.6,Karimnagar to Hyderabad,https://www.redbus.in/bus-tickets/karimnagar-to-hyderabad
TGSRTC - 7017,e-SUP LUXURY (2+2),05:20,08:20,03h 00m,283,37 Seats available,4.3,Karimnagar to Hyderabad,https://www.redbus.in/bus-tickets/karimnagar-to-hyderabad
TGSRTC - 7143,Super Luxury (Non AC Seater 2+2 Push Back),05:30,08:45,03h 15m,283,32 Seats available,4.9,Karimnagar to Hyderabad,https://www.redbus.in/bus-tickets/karimnagar-to-hyderabad
TGSRTC - 7306,Super Luxury (Non AC Seater 2+2 Push Back),05:30,08:30,03h 00m,283,31 Seats available,4.9,Karimnagar to Hyderabad,https://www.redbus.in/bus-tickets/karimnagar-to-hyderabad
TGSRTC - 7019,e-SUP LUXURY (2+2),05:40,08:40,03h 00m,283,31 Seats available,2.0,Karimnagar to Hyderabad,https://www.redbus.in/bus-tickets/karimnagar-to-hyderabad
TGSRTC - 7104,Super Luxury (Non AC Seater 2+2 Push Back),05:45,08:45,03h 00m,283,26 Seats available,4.9,Karimnagar to Hyderabad,https://www.redbus.in/bus-tickets/karimnagar-to-hyderabad
TGSRTC - 7110,RAJDHANI (A.C. Semi Sleeper),06:00,09:00,03h 00m,343,31 Seats available,3.8,Karimnagar to Hyderabad,https://www.redbus.in/bus-tickets/karimnagar-to-hyderabad
TGSRTC - 7343,Super Luxury (Non AC Seater 2+2 Push Back),06:15,09:45,03h 30m,283,14 Seats available,4.1,Karimnagar to Hyderabad,https://www.redbus.in/bus-tickets/karimnagar-to-hyderabad
TGSRTC - 7021,e-SUP LUXURY (2+2),06:20,09:20,03h 00m,283,36 Seats available,3.8,Karimnagar to Hyderabad,https://www.redbus.in/bus-tickets/karimnagar-to-hyderabad
TGSRTC - 7338,Super Luxury (Non AC Seater 2+2 Push Back),06:25,09:25,03h 00m,283,33 Seats available,4.1,Karimnagar to Hyderabad,https://www.redbus.in/bus-tickets/karimnagar-to-hyderabad
Orange Tours and Travels,Volvo Multi-Axle Sleeper A/C (2+1),18:45,22:05,03h 20m,700,23 Seats available,4.0,Karimnagar to Hyderabad,https://www.redbus.in/bus-tickets/karimnagar-to-hyderabad
Mythri Tours And Travels,A/C Sleeper (2+1),18:40,21:55,03h 15m,679,25 Seats available,4.5,Karimnagar to Hyderabad,https://www.redbus.in/bus-tickets/karimnagar-to-hyderabad
IRA Transports,A/C Sleeper (2+1),18:30,20:35,02h 05m,879,29 Seats available,4.0,Karimnagar to Hyderabad,https://www.redbus.in/bus-tickets/karimnagar-to-hyderabad
IRA Transports,VE A/C Sleeper (2+1),19:00,00:00,05h 00m,1199,24 Seats available,4.0,Karimnagar to Hyderabad,https://www.redbus.in/bus-tickets/karimnagar-to-hyderabad
Morning Star Travels,A/C Sleeper (2+1),18:00,21:55,03h 55m,1490,29 Seats available,4.8,Karimnagar to Hyderabad,https://www.redbus.in/bus-tickets/karimnagar-to-hyderabad
APSRTC - 45776,"SUPER LUXURY (NON-AC, 2 + 2 PUSH BACK)",06:30,14:40,08h 10m,555,19 Seats available,3.9,Hyderabad to Ongole,https://www.redbus.in/bus-tickets/hyderabad-to-ongole
APSRTC - 5150001,STAR LINER(NON-AC SLEEPER 2+1),18:10,03:15,09h 05m,721,18 Seats available,4.0,Hyderabad to Ongole,https://www.redbus.in/bus-tickets/hyderabad-to-ongole
APSRTC - 5870,"SUPER LUXURY (NON-AC, 2 + 2 PUSH BACK)",18:30,04:00,09h 30m,555,30 Seats available,3.8,Hyderabad to Ongole,https://www.redbus.in/bus-tickets/hyderabad-to-ongole
APSRTC - 5070,"SUPER LUXURY (NON-AC, 2 + 2 PUSH BACK)",18:45,03:15,08h 30m,556,32 Seats available,2.3,Hyderabad to Ongole,https://www.redbus.in/bus-tickets/hyderabad-to-ongole
APSRTC - 48821,"SUPER LUXURY (NON-AC, 2 + 2 PUSH BACK)",19:00,04:15,09h 15m,555,30 Seats available,3.9,Hyderabad to Ongole,https://www.redbus.in/bus-tickets/hyderabad-to-ongole
APSRTC - 5859,"SUPER LUXURY (NON-AC, 2 + 2 PUSH BACK)",19:00,04:00,09h 00m,555,26 Seats available,3.9,Hyderabad to Ongole,https://www.redbus.in/bus-tickets/hyderabad-to-ongole
APSRTC - 5054,"SUPER LUXURY (NON-AC, 2 + 2 PUSH BACK)",19:15,05:00,09h 45m,556,32 Seats available,3.2,Hyderabad to Ongole,https://www.redbus.in/bus-tickets/hyderabad-to-ongole
APSRTC - 5867,"SUPER LUXURY (NON-AC, 2 + 2 PUSH BACK)",19:30,07:00,11h 30m,602,8 Seats available,4.0,Hyderabad to Ongole,https://www.redbus.in/bus-tickets/hyderabad-to-ongole
APSRTC - 5994,"SUPER LUXURY (NON-AC, 2 + 2 PUSH BACK)",19:30,05:45,10h 15m,555,33 Seats available,3.3,Hyderabad to Ongole,https://www.redbus.in/bus-tickets/hyderabad-to-ongole
APSRTC - 5181,"SUPER LUXURY (NON-AC, 2 + 2 PUSH BACK)",19:40,04:40,09h 00m,556,31 Seats available,3.3,Hyderabad to Ongole,https://www.redbus.in/bus-tickets/hyderabad-to-ongole
APSRTC - 5922,"SUPER LUXURY (NON-AC, 2 + 2 PUSH BACK)",19:45,04:50,09h 05m,555,29 Seats available,4.3,Hyderabad to Ongole,https://www.redbus.in/bus-tickets/hyderabad-to-ongole
APSRTC - 5916,"SUPER LUXURY (NON-AC, 2 + 2 PUSH BACK)",19:50,04:55,09h 05m,605,33 Seats available,3.3,Hyderabad to Ongole,https://www.redbus.in/bus-tickets/hyderabad-to-ongole
APSRTC - 5906,INDRA(A.C. Seater),20:00,05:30,09h 30m,671,35 Seats available,4.4,Hyderabad to Ongole,https://www.redbus.in/bus-tickets/hyderabad-to-ongole
APSRTC - 5926,"SUPER LUXURY (NON-AC, 2 + 2 PUSH BACK)",20:15,05:35,09h 20m,555,19 Seats available,4.2,Hyderabad to Ongole,https://www.redbus.in/bus-tickets/hyderabad-to-ongole
APSRTC - 5876,"SUPER LUXURY (NON-AC, 2 + 2 PUSH BACK)",20:30,05:30,09h 00m,555,32 Seats available,3.7,Hyderabad to Ongole,https://www.redbus.in/bus-tickets/hyderabad-to-ongole
APSRTC - 5381,"SUPER LUXURY (NON-AC, 2 + 2 PUSH BACK)",20:30,07:00,10h 30m,624,18 Seats available,4.0,Hyderabad to Ongole,https://www.redbus.in/bus-tickets/hyderabad-to-ongole
APSRTC - 5020,DOLPHIN CRUISE (VOLVO / SCANIA A.C Multi Axle),20:30,04:15,07h 45m,855,35 Seats available,3.9,Hyderabad to Ongole,https://www.redbus.in/bus-tickets/hyderabad-to-ongole
APSRTC - 5914,"SUPER LUXURY (NON-AC, 2 + 2 PUSH BACK)",20:40,05:25,08h 45m,555,33 Seats available,4.0,Hyderabad to Ongole,https://www.redbus.in/bus-tickets/hyderabad-to-ongole
APSRTC - 5928,"SUPER LUXURY (NON-AC, 2 + 2 PUSH BACK)",20:45,04:50,08h 05m,555,25 Seats available,4.3,Hyderabad to Ongole,https://www.redbus.in/bus-tickets/hyderabad-to-ongole
APSRTC - 58231,"SUPER LUXURY (NON-AC, 2 + 2 PUSH BACK)",20:50,05:45,08h 55m,555,26 Seats available,4.4,Hyderabad to Ongole,https://www.redbus.in/bus-tickets/hyderabad-to-ongole
Vikram Travels,A/C Seater / Sleeper (2+1),21:55,05:30,07h 35m,819,30 Seats available,4.5,Hyderabad to Ongole,https://www.redbus.in/bus-tickets/hyderabad-to-ongole
Pspk Bus,Non A/C Seater / Sleeper (2+1),21:30,06:30,09h 00m,450,26 Seats available,4.2,Hyderabad to Ongole,https://www.redbus.in/bus-tickets/hyderabad-to-ongole
V Kaveri Travels,Scania AC Multi Axle Sleeper (2+1),21:30,05:45,08h 15m,1100,14 Seats available,4.1,Hyderabad to Ongole,https://www.redbus.in/bus-tickets/hyderabad-to-ongole
Sri Vengamamba Bus Transport (SVBT),A/C Sleeper (2+1),21:40,06:15,08h 35m,1097,15 Seats available,4.0,Hyderabad to Ongole,https://www.redbus.in/bus-tickets/hyderabad-to-ongole
IntrCity SmartBus,A/C Sleeper (2+1),23:55,05:50,05h 55m,1269,17 Seats available,5.0,Hyderabad to Ongole,https://www.redbus.in/bus-tickets/hyderabad-to-ongole
TGSRTC - 8865,Super Luxury (Non AC Seater 2+2 Push Back),01:30,07:50,06h 20m,451,31 Seats available,4.0,Hyderabad to Kothagudem,https://www.redbus.in/bus-tickets/hyderabad-to-kothagudem
TGSRTC - 6915,Deluxe (Non AC Seater 2+2),04:00,10:20,06h 20m,396,35 Seats available,3.8,Hyderabad to Kothagudem,https://www.redbus.in/bus-tickets/hyderabad-to-kothagudem
TGSRTC - 1318,LAHARI A/C SLEEPER CUM SEATER,04:40,12:00,07h 20m,548,13 Seats available,3.7,Hyderabad to Kothagudem,https://www.redbus.in/bus-tickets/hyderabad-to-kothagudem
TGSRTC - 8705,Super Luxury (Non AC Seater 2+2 Push Back),05:10,11:25,06h 15m,451,29 Seats available,4.8,Hyderabad to Kothagudem,https://www.redbus.in/bus-tickets/hyderabad-to-kothagudem
TGSRTC - 6911,Deluxe (Non AC Seater 2+2),05:20,11:40,06h 20m,396,35 Seats available,3.8,Hyderabad to Kothagudem,https://www.redbus.in/bus-tickets/hyderabad-to-kothagudem
TGSRTC - 6923,Super Luxury (Non AC Seater 2+2 Push Back),05:30,12:15,06h 45m,451,31 Seats available,3.8,Hyderabad to Kothagudem,https://www.redbus.in/bus-tickets/hyderabad-to-kothagudem
TGSRTC - 1951,LAHARI A/C SLEEPER CUM SEATER,05:35,12:45,07h 10m,548,22 Seats available,3.7,Hyderabad to Kothagudem,https://www.redbus.in/bus-tickets/hyderabad-to-kothagudem
TGSRTC - 8727,Super Luxury (Non AC Seater 2+2 Push Back),06:00,12:15,06h 15m,451,30 Seats available,3.8,Hyderabad to Kothagudem,https://www.redbus.in/bus-tickets/hyderabad-to-kothagudem
TGSRTC - 8920,Super Luxury (Non AC Seater 2+2 Push Back),06:20,12:30,06h 10m,451,33 Seats available,3.8,Hyderabad to Kothagudem,https://www.redbus.in/bus-tickets/hyderabad-to-kothagudem
TGSRTC - 8955,Super Luxury (Non AC Seater 2+2 Push Back),07:00,15:20,08h 20m,451,32 Seats available,4.2,Hyderabad to Kothagudem,https://www.redbus.in/bus-tickets/hyderabad-to-kothagudem
TGSRTC - 8703,Super Luxury (Non AC Seater 2+2 Push Back),07:00,13:45,06h 45m,451,31 Seats available,4.6,Hyderabad to Kothagudem,https://www.redbus.in/bus-tickets/hyderabad-to-kothagudem
TGSRTC - 8780,RAJDHANI (A.C. Semi Sleeper),07:45,14:00,06h 15m,548,31 Seats available,3.8,Hyderabad to Kothagudem,https://www.redbus.in/bus-tickets/hyderabad-to-kothagudem
TGSRTC - 34334,LAHARI A/C SLEEPER CUM SEATER,08:00,14:10,06h 10m,548,30 Seats available,3.2,Hyderabad to Kothagudem,https://www.redbus.in/bus-tickets/hyderabad-to-kothagudem
TGSRTC - 34330,Super Luxury (Non AC Seater 2+2 Push Back),08:20,14:45,06h 25m,451,30 Seats available,4.4,Hyderabad to Kothagudem,https://www.redbus.in/bus-tickets/hyderabad-to-kothagudem
TGSRTC - 7647,Super Luxury (Non AC Seater 2+2 Push Back),09:30,17:20,07h 50m,451,31 Seats available,3.8,Hyderabad to Kothagudem,https://www.redbus.in/bus-tickets/hyderabad-to-kothagudem
TGSRTC - 6632,Super Luxury (Non AC Seater 2+2 Push Back),09:55,16:15,06h 20m,451,33 Seats available,3.8,Hyderabad to Kothagudem,https://www.redbus.in/bus-tickets/hyderabad-to-kothagudem
TGSRTC - 8926,Super Luxury (Non AC Seater 2+2 Push Back),10:00,16:30,06h 30m,451,39 Seats available,3.8,Hyderabad to Kothagudem,https://www.redbus.in/bus-tickets/hyderabad-to-kothagudem
TGSRTC - 34346,Super Luxury (Non AC Seater 2+2 Push Back),10:20,16:20,06h 00m,451,31 Seats available,3.8,Hyderabad to Kothagudem,https://www.redbus.in/bus-tickets/hyderabad-to-kothagudem
TGSRTC - 1322,LAHARI A/C SLEEPER CUM SEATER,10:25,18:00,07h 35m,548,41 Seats available,4.2,Hyderabad to Kothagudem,https://www.redbus.in/bus-tickets/hyderabad-to-kothagudem
TGSRTC - 8755,Super Luxury (Non AC Seater 2+2 Push Back),12:20,18:45,06h 25m,451,31 Seats available,3.5,Hyderabad to Kothagudem,https://www.redbus.in/bus-tickets/hyderabad-to-kothagudem
BSR Tours And Travels,A/C Sleeper (2+1),22:00,04:30,06h 30m,780,10 Seats available,4.6,Hyderabad to Kothagudem,https://www.redbus.in/bus-tickets/hyderabad-to-kothagudem
BSR Tours And Travels,A/C Seater / Sleeper (2+1),22:00,04:30,06h 30m,580,26 Seats available,4.5,Hyderabad to Kothagudem,https://www.redbus.in/bus-tickets/hyderabad-to-kothagudem
Bharathi Tours & Travels,Non A/C Seater / Sleeper (2+1),21:20,05:30,08h 10m,450,10 Seats available,4.1,Hyderabad to Kothagudem,https://www.redbus.in/bus-tickets/hyderabad-to-kothagudem
Bharathi Tours & Travels,Non A/C Seater / Sleeper (2+1),22:20,05:55,07h 35m,450,27 Seats available,4.1,Hyderabad to Kothagudem,https://www.redbus.in/bus-tickets/hyderabad-to-kothagudem
VSR Tours and Travels,A/C Sleeper (2+1),23:00,04:30,05h 30m,674,18 Seats available,4.3,Hyderabad to Kothagudem,https://www.redbus.in/bus-tickets/hyderabad-to-kothagudem
APSRTC - 3376,"SUPER LUXURY (NON-AC, 2 + 2 PUSH BACK)",17:15,06:50,13h 35m,1041,30 Seats available,4.1,Hyderabad to Visakhapatnam,https://www.redbus.in/bus-tickets/hyderabad-to-visakhapatnam
APSRTC - 3356,NIGHT RIDER (SEATER CUM SLEEPER),17:45,06:20,12h 35m,1318,25 Seats available,4.1,Hyderabad to Visakhapatnam,https://www.redbus.in/bus-tickets/hyderabad-to-visakhapatnam
APSRTC - 3358,"SUPER LUXURY (NON-AC, 2 + 2 PUSH BACK)",19:30,09:50,14h 20m,1073,30 Seats available,3.8,Hyderabad to Visakhapatnam,https://www.redbus.in/bus-tickets/hyderabad-to-visakhapatnam
APSRTC - 3366,"SUPER LUXURY (NON-AC, 2 + 2 PUSH BACK)",20:00,10:30,14h 30m,1073,30 Seats available,3.6,Hyderabad to Visakhapatnam,https://www.redbus.in/bus-tickets/hyderabad-to-visakhapatnam
APSRTC - 3360,AMARAVATHI (VOLVO / SCANIA A.C Multi Axle),20:40,09:05,12h 25m,1485,40 Seats available,4.4,Hyderabad to Visakhapatnam,https://www.redbus.in/bus-tickets/hyderabad-to-visakhapatnam
IntrCity SmartBus,AC Sleeper (2+1),19:15,07:35,12h 20m,1209,21 Seats available,4.7,Hyderabad to Visakhapatnam,https://www.redbus.in/bus-tickets/hyderabad-to-visakhapatnam
BSR Tours And Travels,Volvo 9600 Multi-Axle A/C Sleeper (2+1),20:10,08:00,11h 50m,1519,21 Seats available,4.7,Hyderabad to Visakhapatnam,https://www.redbus.in/bus-tickets/hyderabad-to-visakhapatnam
BSR Tours And Travels,A/C Sleeper (2+1),21:10,09:10,12h 00m,1200,25 Seats available,4.7,Hyderabad to Visakhapatnam,https://www.redbus.in/bus-tickets/hyderabad-to-visakhapatnam
Vikram Travels,A/C Seater / Sleeper (2+1),19:55,08:05,12h 10m,809,28 Seats available,4.6,Hyderabad to Visakhapatnam,https://www.redbus.in/bus-tickets/hyderabad-to-visakhapatnam
BSR Tours And Travels,Volvo 9600 Multi-Axle A/C Sleeper (2+1),23:30,11:05,11h 35m,1299,36 Seats available,4.6,Hyderabad to Visakhapatnam,https://www.redbus.in/bus-tickets/hyderabad-to-visakhapatnam
Ramana Tours And Travels,A/C Sleeper (2+1),20:00,08:25,12h 25m,999,23 Seats available,4.5,Hyderabad to Visakhapatnam,https://www.redbus.in/bus-tickets/hyderabad-to-visakhapatnam
Vikram Travels,VE A/C Sleeper (2+1),23:00,10:45,11h 45m,1199,23 Seats available,4.6,Hyderabad to Visakhapatnam,https://www.redbus.in/bus-tickets/hyderabad-to-visakhapatnam
Mythri Tours And Travels,A/C Sleeper (2+1),21:55,09:15,11h 20m,1249,20 Seats available,4.5,Hyderabad to Visakhapatnam,https://www.redbus.in/bus-tickets/hyderabad-to-visakhapatnam
Svkdt travels,A/C Sleeper (2+1),20:30,08:50,12h 20m,999,6 Seats available,4.5,Hyderabad to Visakhapatnam,https://www.redbus.in/bus-tickets/hyderabad-to-visakhapatnam
SAMANVI CITICONNECT,A/C Sleeper (2+1),23:15,10:41,11h 26m,1029,24 Seats available,4.4,Hyderabad to Visakhapatnam,https://www.redbus.in/bus-tickets/hyderabad-to-visakhapatnam
APSRTC - 4247,"SUPER LUXURY (NON-AC, 2 + 2 PUSH BACK)",04:15,10:50,06h 35m,451,25 Seats available,4.2,Hyderabad to Guntur (Andhra Pradesh),https://www.redbus.in/bus-tickets/hyderabad-to-guntur
APSRTC - 4738,"SUPER LUXURY (NON-AC, 2 + 2 PUSH BACK)",04:30,11:46,07h 16m,483,22 Seats available,3.4,Hyderabad to Guntur (Andhra Pradesh),https://www.redbus.in/bus-tickets/hyderabad-to-guntur
APSRTC - 4245,"SUPER LUXURY (NON-AC, 2 + 2 PUSH BACK)",05:30,14:00,08h 30m,483,30 Seats available,2.8,Hyderabad to Guntur (Andhra Pradesh),https://www.redbus.in/bus-tickets/hyderabad-to-guntur
APSRTC - 4221,"SUPER LUXURY (NON-AC, 2 + 2 PUSH BACK)",09:15,17:35,08h 20m,483,31 Seats available,4.7,Hyderabad to Guntur (Andhra Pradesh),https://www.redbus.in/bus-tickets/hyderabad-to-guntur
APSRTC - 4197,"SUPER LUXURY (NON-AC, 2 + 2 PUSH BACK)",10:30,18:50,08h 20m,483,33 Seats available,3.4,Hyderabad to Guntur (Andhra Pradesh),https://www.redbus.in/bus-tickets/hyderabad-to-guntur
APSRTC - 4612,"SUPER LUXURY (NON-AC, 2 + 2 PUSH BACK)",19:15,04:00,08h 45m,483,28 Seats available,4.0,Hyderabad to Guntur (Andhra Pradesh),https://www.redbus.in/bus-tickets/hyderabad-to-guntur
APSRTC - 4249,"SUPER LUXURY (NON-AC, 2 + 2 PUSH BACK)",19:45,04:20,08h 35m,483,31 Seats available,3.4,Hyderabad to Guntur (Andhra Pradesh),https://www.redbus.in/bus-tickets/hyderabad-to-guntur
APSRTC - 4179,AMARAVATHI (VOLVO / SCANIA A.C Multi Axle),20:30,04:29,07h 59m,817,42 Seats available,4.6,Hyderabad to Guntur (Andhra Pradesh),https://www.redbus.in/bus-tickets/hyderabad-to-guntur
APSRTC - 4189,INDRA(A.C. Seater),20:40,04:45,08h 05m,585,34 Seats available,3.7,Hyderabad to Guntur (Andhra Pradesh),https://www.redbus.in/bus-tickets/hyderabad-to-guntur
APSRTC - 42443,"SUPER LUXURY (NON-AC, 2 + 2 PUSH BACK)",21:00,05:45,08h 45m,483,24 Seats available,3.1,Hyderabad to Guntur (Andhra Pradesh),https://www.redbus.in/bus-tickets/hyderabad-to-guntur
APSRTC - 4629,"SUPER LUXURY (NON-AC, 2 + 2 PUSH BACK)",21:00,05:00,08h 00m,451,21 Seats available,3.8,Hyderabad to Guntur (Andhra Pradesh),https://www.redbus.in/bus-tickets/hyderabad-to-guntur
APSRTC - 4155,INDRA(A.C. Seater),21:10,04:24,07h 14m,585,28 Seats available,4.3,Hyderabad to Guntur (Andhra Pradesh),https://www.redbus.in/bus-tickets/hyderabad-to-guntur
APSRTC - 4619,STAR LINER(NON-AC SLEEPER 2+1),21:20,04:45,07h 25m,626,16 Seats available,4.2,Hyderabad to Guntur (Andhra Pradesh),https://www.redbus.in/bus-tickets/hyderabad-to-guntur
APSRTC - 4199,"SUPER LUXURY (NON-AC, 2 + 2 PUSH BACK)",21:40,06:05,08h 25m,483,21 Seats available,4.1,Hyderabad to Guntur (Andhra Pradesh),https://www.redbus.in/bus-tickets/hyderabad-to-guntur
APSRTC - 4223,INDRA(A.C. Seater),21:45,04:55,07h 10m,585,35 Seats available,3.9,Hyderabad to Guntur (Andhra Pradesh),https://www.redbus.in/bus-tickets/hyderabad-to-guntur
IntrCity SmartBus,A/C Seater / Sleeper (2+1),23:10,06:45,07h 35m,489,28 Seats available,4.6,Hyderabad to Guntur (Andhra Pradesh),https://www.redbus.in/bus-tickets/hyderabad-to-guntur
IntrCity SmartBus,AC Sleeper (2+1),23:50,07:35,07h 45m,899,19 Seats available,4.7,Hyderabad to Guntur (Andhra Pradesh),https://www.redbus.in/bus-tickets/hyderabad-to-guntur
IntrCity SmartBus,Scania AC Multi Axle Sleeper (2+1),23:30,07:20,07h 50m,699,32 Seats available,4.5,Hyderabad to Guntur (Andhra Pradesh),https://www.redbus.in/bus-tickets/hyderabad-to-guntur
Sri KVR Travels,A/C Sleeper (2+1),22:30,05:59,07h 29m,789,22 Seats available,4.5,Hyderabad to Guntur (Andhra Pradesh),https://www.redbus.in/bus-tickets/hyderabad-to-guntur
Zingbus Plus,A/C Seater / Sleeper (2+1),23:03,06:15,07h 12m,497,33 Seats available,4.3,Hyderabad to Guntur (Andhra Pradesh),https://www.redbus.in/bus-tickets/hyderabad-to-guntur
TGSRTC - 1777,Super Luxury (Non AC Seater 2+2 Push Back),09:30,20:50,11h 20m,732,24 Seats available,2.7,Hyderabad to Tirupati,https://www.redbus.in/bus-tickets/hyderabad-to-tirupathi
TGSRTC - 8265,Super Luxury (Non AC Seater 2+2 Push Back),10:30,22:00,11h 30m,732,26 Seats available,3.0,Hyderabad to Tirupati,https://www.redbus.in/bus-tickets/hyderabad-to-tirupathi
TGSRTC - 6762,Super Luxury (Non AC Seater 2+2 Push Back),11:30,23:00,11h 30m,732,26 Seats available,2.7,Hyderabad to Tirupati,https://www.redbus.in/bus-tickets/hyderabad-to-tirupathi
TGSRTC - 2085,Super Luxury (Non AC Seater 2+2 Push Back),12:50,03:20,14h 30m,732,27 Seats available,2.2,Hyderabad to Tirupati,https://www.redbus.in/bus-tickets/hyderabad-to-tirupathi
TGSRTC - 1962,Super Luxury (Non AC Seater 2+2 Push Back),12:55,02:15,13h 20m,732,24 Seats available,3.1,Hyderabad to Tirupati,https://www.redbus.in/bus-tickets/hyderabad-to-tirupathi
TGSRTC - 2429,Super Luxury (Non AC Seater 2+2 Push Back),13:00,01:25,12h 25m,802,22 Seats available,1.9,Hyderabad to Tirupati,https://www.redbus.in/bus-tickets/hyderabad-to-tirupathi
TGSRTC - 4457,Super Luxury (Non AC Seater 2+2 Push Back),15:00,03:40,12h 40m,764,27 Seats available,1.7,Hyderabad to Tirupati,https://www.redbus.in/bus-tickets/hyderabad-to-tirupathi
TGSRTC - 7452,Super Luxury (Non AC Seater 2+2 Push Back),15:45,04:30,12h 45m,732,23 Seats available,3.6,Hyderabad to Tirupati,https://www.redbus.in/bus-tickets/hyderabad-to-tirupathi
TGSRTC - 2855,Lahari A/C sleeper,16:00,05:45,13h 45m,1339,6 Seats available,3.9,Hyderabad to Tirupati,https://www.redbus.in/bus-tickets/hyderabad-to-tirupathi
TGSRTC - 9595,Lahari A/C sleeper,16:30,05:40,13h 10m,1447,5 Seats available,3.4,Hyderabad to Tirupati,https://www.redbus.in/bus-tickets/hyderabad-to-tirupathi
TGSRTC - 1759,Super Luxury (Non AC Seater 2+2 Push Back),16:30,05:50,13h 20m,732,24 Seats available,3.6,Hyderabad to Tirupati,https://www.redbus.in/bus-tickets/hyderabad-to-tirupathi
TGSRTC - 2474,Super Luxury (Non AC Seater 2+2 Push Back),16:30,04:00,11h 30m,732,15 Seats available,4.1,Hyderabad to Tirupati,https://www.redbus.in/bus-tickets/hyderabad-to-tirupathi
TGSRTC - 7649,Super Luxury (Non AC Seater 2+2 Push Back),16:40,05:30,12h 50m,732,20 Seats available,4.7,Hyderabad to Tirupati,https://www.redbus.in/bus-tickets/hyderabad-to-tirupathi
TGSRTC - 2765,Super Luxury (Non AC Seater 2+2 Push Back),17:15,06:30,13h 15m,764,12 Seats available,4.0,Hyderabad to Tirupati,https://www.redbus.in/bus-tickets/hyderabad-to-tirupathi
TGSRTC - 1453,Super Luxury (Non AC Seater 2+2 Push Back),17:30,05:00,11h 30m,732,16 Seats available,4.0,Hyderabad to Tirupati,https://www.redbus.in/bus-tickets/hyderabad-to-tirupathi
TGSRTC - 7694,LAHARI A/C SLEEPER CUM SEATER,17:30,04:40,11h 10m,784,17 Seats available,2.8,Hyderabad to Tirupati,https://www.redbus.in/bus-tickets/hyderabad-to-tirupathi
TGSRTC - 9681,Lahari A/C sleeper,17:30,05:25,11h 55m,1139,5 Seats available,3.3,Hyderabad to Tirupati,https://www.redbus.in/bus-tickets/hyderabad-to-tirupathi
TGSRTC - 8261,RAJDHANI (A.C. Semi Sleeper),17:45,04:45,11h 00m,776,13 Seats available,3.3,Hyderabad to Tirupati,https://www.redbus.in/bus-tickets/hyderabad-to-tirupathi
TGSRTC - 6206,Super Luxury (Non AC Seater 2+2 Push Back),19:45,06:50,11h 05m,732,17 Seats available,3.2,Hyderabad to Tirupati,https://www.redbus.in/bus-tickets/hyderabad-to-tirupathi
TGSRTC - 8454,Super Luxury (Non AC Seater 2+2 Push Back),19:45,08:00,12h 15m,780,28 Seats available,2.1,Hyderabad to Tirupati,https://www.redbus.in/bus-tickets/hyderabad-to-tirupathi
IntrCity SmartBus,AC Sleeper (2+1),20:50,06:40,09h 50m,1579,21 Seats available,4.7,Hyderabad to Tirupati,https://www.redbus.in/bus-tickets/hyderabad-to-tirupathi
Zingbus Plus,A/C Sleeper (2+1),20:50,07:50,11h 00m,1393,21 Seats available,4.6,Hyderabad to Tirupati,https://www.redbus.in/bus-tickets/hyderabad-to-tirupathi
CGR Travels,A/C Sleeper (2+1),21:40,09:25,11h 45m,1200,11 Seats available,4.6,Hyderabad to Tirupati,https://www.redbus.in/bus-tickets/hyderabad-to-tirupathi
AdJagan Travels,Volvo 9600 Multi-Axle A/C Sleeper (2+1),18:30,05:15,10h 45m,1600,15 Seats available,4.0,Hyderabad to Tirupati,https://www.redbus.in/bus-tickets/hyderabad-to-tirupathi
Zingbus Plus,A/C Sleeper (2+1),22:30,09:15,10h 45m,939,21 Seats available,4.6,Hyderabad to Tirupati,https://www.redbus.in/bus-tickets/hyderabad-to-tirupathi
TGSRTC - 8879,Super Luxury (Non AC Seater 2+2 Push Back),00:15,06:20,06h 05m,451,25 Seats available,4.8,Kothagudem to Hyderabad,https://www.redbus.in/bus-tickets/kothagudem-to-hyderabad
TGSRTC - 1321,LAHARI A/C SLEEPER CUM SEATER,04:00,09:20,05h 20m,548,38 Seats available,3.6,Kothagudem to Hyderabad,https://www.redbus.in/bus-tickets/kothagudem-to-hyderabad
TGSRTC - 64187,Super Luxury (Non AC Seater 2+2 Push Back),04:00,10:30,06h 30m,451,31 Seats available,4.5,Kothagudem to Hyderabad,https://www.redbus.in/bus-tickets/kothagudem-to-hyderabad
TGSRTC - 34335,Super Luxury (Non AC Seater 2+2 Push Back),04:30,10:50,06h 20m,451,29 Seats available,5.0,Kothagudem to Hyderabad,https://www.redbus.in/bus-tickets/kothagudem-to-hyderabad
TGSRTC - 8868,Super Luxury (Non AC Seater 2+2 Push Back),04:50,11:05,06h 15m,451,31 Seats available,3.8,Kothagudem to Hyderabad,https://www.redbus.in/bus-tickets/kothagudem-to-hyderabad
TGSRTC - 8707,Super Luxury (Non AC Seater 2+2 Push Back),05:30,11:45,06h 15m,451,31 Seats available,3.8,Kothagudem to Hyderabad,https://www.redbus.in/bus-tickets/kothagudem-to-hyderabad
TGSRTC - 1954,LAHARI A/C SLEEPER CUM SEATER,05:35,11:00,05h 25m,548,33 Seats available,4.0,Kothagudem to Hyderabad,https://www.redbus.in/bus-tickets/kothagudem-to-hyderabad
TGSRTC - 8795,RAJDHANI (A.C. Semi Sleeper),06:30,13:00,06h 30m,548,31 Seats available,4.3,Kothagudem to Hyderabad,https://www.redbus.in/bus-tickets/kothagudem-to-hyderabad
TGSRTC - 7648,Super Luxury (Non AC Seater 2+2 Push Back),07:30,14:00,06h 30m,451,31 Seats available,3.8,Kothagudem to Hyderabad,https://www.redbus.in/bus-tickets/kothagudem-to-hyderabad
TGSRTC - 8982,RAJDHANI (A.C. Semi Sleeper),08:00,13:55,05h 55m,548,31 Seats available,3.8,Kothagudem to Hyderabad,https://www.redbus.in/bus-tickets/kothagudem-to-hyderabad
TGSRTC - 8954,Super Luxury (Non AC Seater 2+2 Push Back),08:05,14:35,06h 30m,451,31 Seats available,3.8,Kothagudem to Hyderabad,https://www.redbus.in/bus-tickets/kothagudem-to-hyderabad
TGSRTC - 34339,RAJDHANI (A.C. Semi Sleeper),08:20,14:30,06h 10m,548,35 Seats available,3.1,Kothagudem to Hyderabad,https://www.redbus.in/bus-tickets/kothagudem-to-hyderabad
TGSRTC - 8726,Super Luxury (Non AC Seater 2+2 Push Back),08:45,15:10,06h 25m,451,31 Seats available,3.8,Kothagudem to Hyderabad,https://www.redbus.in/bus-tickets/kothagudem-to-hyderabad
TGSRTC - 6907,Super Luxury (Non AC Seater 2+2 Push Back),08:50,14:50,06h 00m,451,29 Seats available,3.9,Kothagudem to Hyderabad,https://www.redbus.in/bus-tickets/kothagudem-to-hyderabad
TGSRTC - 8728,Super Luxury (Non AC Seater 2+2 Push Back),09:15,15:25,06h 10m,451,31 Seats available,3.8,Kothagudem to Hyderabad,https://www.redbus.in/bus-tickets/kothagudem-to-hyderabad
TGSRTC - 8862,Super Luxury (Non AC Seater 2+2 Push Back),09:40,15:55,06h 15m,451,31 Seats available,3.8,Kothagudem to Hyderabad,https://www.redbus.in/bus-tickets/kothagudem-to-hyderabad
TGSRTC - 8706,Super Luxury (Non AC Seater 2+2 Push Back),09:45,16:00,06h 15m,451,31 Seats available,3.8,Kothagudem to Hyderabad,https://www.redbus.in/bus-tickets/kothagudem-to-hyderabad
TGSRTC - 8793,RAJDHANI (A.C. Semi Sleeper),10:35,16:30,05h 55m,548,28 Seats available,3.8,Kothagudem to Hyderabad,https://www.redbus.in/bus-tickets/kothagudem-to-hyderabad
TGSRTC - 8932,Super Luxury (Non AC Seater 2+2 Push Back),10:45,16:45,06h 00m,451,31 Seats available,3.8,Kothagudem to Hyderabad,https://www.redbus.in/bus-tickets/kothagudem-to-hyderabad
TGSRTC - 8871,Super Luxury (Non AC Seater 2+2 Push Back),10:55,16:55,06h 00m,451,31 Seats available,3.8,Kothagudem to Hyderabad,https://www.redbus.in/bus-tickets/kothagudem-to-hyderabad
BSR Tours And Travels,A/C Seater / Sleeper (2+1),23:15,06:00,06h 45m,580,29 Seats available,4.8,Kothagudem to Hyderabad,https://www.redbus.in/bus-tickets/kothagudem-to-hyderabad
BSR Tours And Travels,A/C Sleeper (2+1),23:30,06:00,06h 30m,780,14 Seats available,4.7,Kothagudem to Hyderabad,https://www.redbus.in/bus-tickets/kothagudem-to-hyderabad
Bharathi Tours & Travels,A/C Sleeper (2+1),23:00,05:30,06h 30m,621,26 Seats available,4.9,Kothagudem to Hyderabad,https://www.redbus.in/bus-tickets/kothagudem-to-hyderabad
Bharathi Tours & Travels,Non A/C Seater / Sleeper (2+1),23:10,05:00,05h 50m,495,30 Seats available,4.4,Kothagudem to Hyderabad,https://www.redbus.in/bus-tickets/kothagudem-to-hyderabad
VSR Tours and Travels,A/C Sleeper (2+1),23:30,06:00,06h 30m,674,22 Seats available,4.1,Kothagudem to Hyderabad,https://www.redbus.in/bus-tickets/kothagudem-to-hyderabad
APSRTC - 4266,"SUPER LUXURY (NON-AC, 2 + 2 PUSH BACK)",09:00,16:10,07h 10m,483,26 Seats available,4.5,Guntur (Andhra Pradesh) to Hyderabad,https://www.redbus.in/bus-tickets/guntur-to-hyderabad
APSRTC - 4244,"SUPER LUXURY (NON-AC, 2 + 2 PUSH BACK)",14:00,20:50,06h 50m,451,34 Seats available,3.2,Guntur (Andhra Pradesh) to Hyderabad,https://www.redbus.in/bus-tickets/guntur-to-hyderabad
APSRTC - 4246,"SUPER LUXURY (NON-AC, 2 + 2 PUSH BACK)",16:00,22:15,06h 15m,483,32 Seats available,4.4,Guntur (Andhra Pradesh) to Hyderabad,https://www.redbus.in/bus-tickets/guntur-to-hyderabad
APSRTC - 4256,"SUPER LUXURY (NON-AC, 2 + 2 PUSH BACK)",20:30,02:45,06h 15m,451,34 Seats available,4.1,Guntur (Andhra Pradesh) to Hyderabad,https://www.redbus.in/bus-tickets/guntur-to-hyderabad
APSRTC - 4737,"SUPER LUXURY (NON-AC, 2 + 2 PUSH BACK)",21:00,02:40,05h 40m,483,34 Seats available,3.0,Guntur (Andhra Pradesh) to Hyderabad,https://www.redbus.in/bus-tickets/guntur-to-hyderabad
APSRTC - 4250,"SUPER LUXURY (NON-AC, 2 + 2 PUSH BACK)",21:15,03:02,05h 47m,483,32 Seats available,3.4,Guntur (Andhra Pradesh) to Hyderabad,https://www.redbus.in/bus-tickets/guntur-to-hyderabad
APSRTC - 4620,"SUPER LUXURY (NON-AC, 2 + 2 PUSH BACK)",21:45,03:30,05h 45m,483,22 Seats available,3.8,Guntur (Andhra Pradesh) to Hyderabad,https://www.redbus.in/bus-tickets/guntur-to-hyderabad
APSRTC - 4198,INDRA(A.C. Seater),22:00,03:20,05h 20m,585,35 Seats available,4.4,Guntur (Andhra Pradesh) to Hyderabad,https://www.redbus.in/bus-tickets/guntur-to-hyderabad
APSRTC - 4252,"SUPER LUXURY (NON-AC, 2 + 2 PUSH BACK)",22:05,04:00,05h 55m,483,33 Seats available,3.0,Guntur (Andhra Pradesh) to Hyderabad,https://www.redbus.in/bus-tickets/guntur-to-hyderabad
APSRTC - 4178,AMARAVATHI (VOLVO / SCANIA A.C Multi Axle),22:15,04:16,06h 01m,817,46 Seats available,4.0,Guntur (Andhra Pradesh) to Hyderabad,https://www.redbus.in/bus-tickets/guntur-to-hyderabad
APSRTC - 4611,"SUPER LUXURY (NON-AC, 2 + 2 PUSH BACK)",22:15,04:00,05h 45m,483,27 Seats available,4.0,Guntur (Andhra Pradesh) to Hyderabad,https://www.redbus.in/bus-tickets/guntur-to-hyderabad
APSRTC - 4214,AMARAVATHI (VOLVO / SCANIA A.C Multi Axle),22:30,03:05,04h 35m,743,43 Seats available,3.9,Guntur (Andhra Pradesh) to Hyderabad,https://www.redbus.in/bus-tickets/guntur-to-hyderabad
APSRTC - 4628,"SUPER LUXURY (NON-AC, 2 + 2 PUSH BACK)",22:30,04:30,06h 00m,483,30 Seats available,4.1,Guntur (Andhra Pradesh) to Hyderabad,https://www.redbus.in/bus-tickets/guntur-to-hyderabad
APSRTC - 4212,STAR LINER(NON-AC SLEEPER 2+1),22:40,04:00,05h 20m,626,20 Seats available,3.8,Guntur (Andhra Pradesh) to Hyderabad,https://www.redbus.in/bus-tickets/guntur-to-hyderabad
APSRTC - 4154,INDRA(A.C. Seater),22:45,04:25,05h 40m,585,37 Seats available,4.5,Guntur (Andhra Pradesh) to Hyderabad,https://www.redbus.in/bus-tickets/guntur-to-hyderabad
Zingbus Plus,A/C Seater / Sleeper (2+1),22:35,06:00,07h 25m,444,32 Seats available,4.6,Guntur (Andhra Pradesh) to Hyderabad,https://www.redbus.in/bus-tickets/guntur-to-hyderabad
IntrCity SmartBus,A/C Seater / Sleeper (2+1),22:45,05:45,07h 00m,449,32 Seats available,4.5,Guntur (Andhra Pradesh) to Hyderabad,https://www.redbus.in/bus-tickets/guntur-to-hyderabad
IntrCity SmartBus,AC Sleeper (2+1),22:55,05:25,06h 30m,849,24 Seats available,4.5,Guntur (Andhra Pradesh) to Hyderabad,https://www.redbus.in/bus-tickets/guntur-to-hyderabad
IntrCity SmartBus,AC Sleeper (2+1),22:00,05:00,07h 00m,879,23 Seats available,4.5,Guntur (Andhra Pradesh) to Hyderabad,https://www.redbus.in/bus-tickets/guntur-to-hyderabad
Sri Sanvi Tours and Travels,A/C Sleeper (2+1),21:50,05:00,07h 10m,899,33 Seats available,4.5,Guntur (Andhra Pradesh) to Hyderabad,https://www.redbus.in/bus-tickets/guntur-to-hyderabad
TGSRTC - 8380,Super Luxury (Non AC Seater 2+2 Push Back),04:30,08:30,04h 00m,245,10 Seats available,3.8,Hyderabad to Warangal,https://www.redbus.in/bus-tickets/hyderabad-to-warangal
TGSRTC - 8268,RAJDHANI (A.C. Semi Sleeper),05:00,08:45,03h 45m,297,16 Seats available,4.6,Hyderabad to Warangal,https://www.redbus.in/bus-tickets/hyderabad-to-warangal
TGSRTC - 8368,Super Luxury (Non AC Seater 2+2 Push Back),05:30,09:30,04h 00m,245,30 Seats available,4.2,Hyderabad to Warangal,https://www.redbus.in/bus-tickets/hyderabad-to-warangal
TGSRTC - 8459,Super Luxury (Non AC Seater 2+2 Push Back),05:30,08:45,03h 15m,245,33 Seats available,4.0,Hyderabad to Warangal,https://www.redbus.in/bus-tickets/hyderabad-to-warangal
TGSRTC - 8467,Super Luxury (Non AC Seater 2+2 Push Back),05:30,09:15,03h 45m,245,7 Seats available,4.1,Hyderabad to Warangal,https://www.redbus.in/bus-tickets/hyderabad-to-warangal
TGSRTC - 8362,Super Luxury (Non AC Seater 2+2 Push Back),05:40,09:15,03h 35m,245,28 Seats available,4.3,Hyderabad to Warangal,https://www.redbus.in/bus-tickets/hyderabad-to-warangal
TGSRTC - 8364,Super Luxury (Non AC Seater 2+2 Push Back),05:45,09:40,03h 55m,245,16 Seats available,3.9,Hyderabad to Warangal,https://www.redbus.in/bus-tickets/hyderabad-to-warangal
TGSRTC - 8370,Super Luxury (Non AC Seater 2+2 Push Back),06:30,10:30,04h 00m,245,23 Seats available,3.0,Hyderabad to Warangal,https://www.redbus.in/bus-tickets/hyderabad-to-warangal
TGSRTC - 8441,Super Luxury (Non AC Seater 2+2 Push Back),06:30,10:30,04h 00m,245,30 Seats available,4.2,Hyderabad to Warangal,https://www.redbus.in/bus-tickets/hyderabad-to-warangal
TGSRTC - 8376,Super Luxury (Non AC Seater 2+2 Push Back),06:45,10:15,03h 30m,245,29 Seats available,4.4,Hyderabad to Warangal,https://www.redbus.in/bus-tickets/hyderabad-to-warangal
TGSRTC - 8443,Super Luxury (Non AC Seater 2+2 Push Back),07:30,11:30,04h 00m,245,29 Seats available,4.0,Hyderabad to Warangal,https://www.redbus.in/bus-tickets/hyderabad-to-warangal
TGSRTC - 8499,Super Luxury (Non AC Seater 2+2 Push Back),10:00,13:15,03h 15m,245,32 Seats available,3.3,Hyderabad to Warangal,https://www.redbus.in/bus-tickets/hyderabad-to-warangal
TGSRTC - 8270,RAJDHANI (A.C. Semi Sleeper),10:00,13:45,03h 45m,297,27 Seats available,4.0,Hyderabad to Warangal,https://www.redbus.in/bus-tickets/hyderabad-to-warangal
TGSRTC - 8449,Super Luxury (Non AC Seater 2+2 Push Back),17:45,21:00,03h 15m,245,27 Seats available,3.8,Hyderabad to Warangal,https://www.redbus.in/bus-tickets/hyderabad-to-warangal
TGSRTC - 8384,Super Luxury (Non AC Seater 2+2 Push Back),20:50,01:30,04h 40m,245,30 Seats available,4.0,Hyderabad to Warangal,https://www.redbus.in/bus-tickets/hyderabad-to-warangal
Northern Travels,Bharat Benz A/C Sleeper (2+1),07:45,11:00,03h 15m,721,8 Seats available,3.0,Hyderabad to Warangal,https://www.redbus.in/bus-tickets/hyderabad-to-warangal
Orange Tours and Travels,A/C Sleeper (2+1),05:15,08:30,03h 15m,400,17 Seats available,1.5,Hyderabad to Warangal,https://www.redbus.in/bus-tickets/hyderabad-to-warangal
Tranzindia Travels,VE A/C Sleeper (2+1),05:15,09:00,03h 45m,450,12 Seats available,2.4,Hyderabad to Warangal,https://www.redbus.in/bus-tickets/hyderabad-to-warangal
Morning Star Travels,A/C Sleeper (2+1),05:15,09:00,03h 45m,990,15 Seats available,2.2,Hyderabad to Warangal,https://www.redbus.in/bus-tickets/hyderabad-to-warangal
TimeCity Travels,Bharat Benz A/C Sleeper (2+1),06:10,09:30,03h 20m,989,19 Seats available,4.7,Hyderabad to Warangal,https://www.redbus.in/bus-tickets/hyderabad-to-warangal
TGSRTC - 1009,Super Luxury (Non AC Seater 2+2 Push Back),04:00,12:10,08h 10m,471,29 Seats available,3.7,Hyderabad to Anantapur (andhra pradesh),https://www.redbus.in/bus-tickets/hyderabad-to-ananthapur
TGSRTC - 1029,Super Luxury (Non AC Seater 2+2 Push Back),05:45,13:55,08h 10m,471,31 Seats available,3.9,Hyderabad to Anantapur (andhra pradesh),https://www.redbus.in/bus-tickets/hyderabad-to-ananthapur
TGSRTC - 88588,Lahari Non A/C Sleeper Cum Seater,06:45,15:50,09h 05m,473,34 Seats available,3.8,Hyderabad to Anantapur (andhra pradesh),https://www.redbus.in/bus-tickets/hyderabad-to-ananthapur
TGSRTC - 4493,Super Luxury (Non AC Seater 2+2 Push Back),07:45,15:30,07h 45m,471,32 Seats available,4.1,Hyderabad to Anantapur (andhra pradesh),https://www.redbus.in/bus-tickets/hyderabad-to-ananthapur
TGSRTC - 7143,Super Luxury (Non AC Seater 2+2 Push Back),08:45,17:10,08h 25m,471,32 Seats available,3.8,Hyderabad to Anantapur (andhra pradesh),https://www.redbus.in/bus-tickets/hyderabad-to-ananthapur
TGSRTC - 1003,Super Luxury (Non AC Seater 2+2 Push Back),10:00,18:10,08h 10m,471,31 Seats available,3.3,Hyderabad to Anantapur (andhra pradesh),https://www.redbus.in/bus-tickets/hyderabad-to-ananthapur
TGSRTC - 2994,LAHARI A/C SLEEPER CUM SEATER,10:45,19:05,08h 20m,502,31 Seats available,4.5,Hyderabad to Anantapur (andhra pradesh),https://www.redbus.in/bus-tickets/hyderabad-to-ananthapur
TGSRTC - 1001,LAHARI A/C SLEEPER CUM SEATER,15:15,23:35,08h 20m,800,28 Seats available,2.7,Hyderabad to Anantapur (andhra pradesh),https://www.redbus.in/bus-tickets/hyderabad-to-ananthapur
TGSRTC - 1037,Super Luxury (Non AC Seater 2+2 Push Back),16:30,01:10,08h 40m,471,29 Seats available,3.8,Hyderabad to Anantapur (andhra pradesh),https://www.redbus.in/bus-tickets/hyderabad-to-ananthapur
TGSRTC - 1956,Super Luxury (Non AC Seater 2+2 Push Back),16:35,03:15,10h 40m,471,20 Seats available,4.9,Hyderabad to Anantapur (andhra pradesh),https://www.redbus.in/bus-tickets/hyderabad-to-ananthapur
TGSRTC - 1294,Lahari A/C sleeper,17:15,01:30,08h 15m,1100,25 Seats available,3.8,Hyderabad to Anantapur (andhra pradesh),https://www.redbus.in/bus-tickets/hyderabad-to-ananthapur
TGSRTC - 8207,Super Luxury (Non AC Seater 2+2 Push Back),17:30,00:20,06h 50m,471,33 Seats available,3.2,Hyderabad to Anantapur (andhra pradesh),https://www.redbus.in/bus-tickets/hyderabad-to-ananthapur
TGSRTC - 1013,LAHARI A/C SLEEPER CUM SEATER,18:00,03:15,09h 15m,528,36 Seats available,3.7,Hyderabad to Anantapur (andhra pradesh),https://www.redbus.in/bus-tickets/hyderabad-to-ananthapur
TGSRTC - 8665,LAHARI A/C SLEEPER CUM SEATER,18:20,02:30,08h 10m,800,32 Seats available,4.0,Hyderabad to Anantapur (andhra pradesh),https://www.redbus.in/bus-tickets/hyderabad-to-ananthapur
TGSRTC - 1082,LAHARI A/C SLEEPER CUM SEATER,18:30,03:15,08h 45m,846,31 Seats available,4.5,Hyderabad to Anantapur (andhra pradesh),https://www.redbus.in/bus-tickets/hyderabad-to-ananthapur
Sri Balaji Transports,A/C Sleeper (2+1),21:10,06:00,08h 50m,1090,17 Seats available,4.7,Hyderabad to Anantapur (andhra pradesh),https://www.redbus.in/bus-tickets/hyderabad-to-ananthapur
Meena tours and travels,A/C Seater / Sleeper (2+1),22:45,05:45,07h 00m,750,16 Seats available,4.5,Hyderabad to Anantapur (andhra pradesh),https://www.redbus.in/bus-tickets/hyderabad-to-ananthapur
RESANDE TRANSPORTS,A/C Sleeper (2+1),23:15,05:45,06h 30m,976,18 Seats available,4.5,Hyderabad to Anantapur (andhra pradesh),https://www.redbus.in/bus-tickets/hyderabad-to-ananthapur
AdDK SAVARKAR TRAVELS,A/C Seater / Sleeper (2+1),21:10,05:01,07h 51m,650,36 Seats available,4.4,Hyderabad to Anantapur (andhra pradesh),https://www.redbus.in/bus-tickets/hyderabad-to-ananthapur
Madhavi Travels,A/C Seater / Sleeper (2+1),22:00,05:45,07h 45m,700,27 Seats available,2.8,Hyderabad to Anantapur (andhra pradesh),https://www.redbus.in/bus-tickets/hyderabad-to-ananthapur
TGSRTC - 9444,Super Luxury (Non AC Seater 2+2 Push Back),00:10,04:25,04h 15m,392,22 Seats available,1.0,Hyderabad to Godavarikhani,https://www.redbus.in/bus-tickets/hyderabad-to-godavarikhani
TGSRTC - 7291,LAHARI A/C SLEEPER CUM SEATER,04:00,08:30,04h 30m,476,22 Seats available,4.2,Hyderabad to Godavarikhani,https://www.redbus.in/bus-tickets/hyderabad-to-godavarikhani
TGSRTC - 7226,Super Luxury (Non AC Seater 2+2 Push Back),05:30,11:00,05h 30m,392,14 Seats available,2.8,Hyderabad to Godavarikhani,https://www.redbus.in/bus-tickets/hyderabad-to-godavarikhani
TGSRTC - 8015,Ordinary Non AC Seater 2+3,05:30,11:15,05h 45m,476,43 Seats available,3.9,Hyderabad to Godavarikhani,https://www.redbus.in/bus-tickets/hyderabad-to-godavarikhani
TGSRTC - 7246,Super Luxury (Non AC Seater 2+2 Push Back),07:20,12:50,05h 30m,392,30 Seats available,3.7,Hyderabad to Godavarikhani,https://www.redbus.in/bus-tickets/hyderabad-to-godavarikhani
TGSRTC - 8189,Super Luxury (Non AC Seater 2+2 Push Back),08:00,13:45,05h 45m,392,31 Seats available,3.7,Hyderabad to Godavarikhani,https://www.redbus.in/bus-tickets/hyderabad-to-godavarikhani
TGSRTC - 7159,Super Luxury (Non AC Seater 2+2 Push Back),08:15,13:45,05h 30m,392,31 Seats available,2.2,Hyderabad to Godavarikhani,https://www.redbus.in/bus-tickets/hyderabad-to-godavarikhani
TGSRTC - 8055,LAHARI A/C SLEEPER CUM SEATER,08:30,14:15,05h 45m,476,43 Seats available,3.7,Hyderabad to Godavarikhani,https://www.redbus.in/bus-tickets/hyderabad-to-godavarikhani
TGSRTC - 8191,LAHARI A/C SLEEPER CUM SEATER,09:05,18:15,09h 10m,476,40 Seats available,4.3,Hyderabad to Godavarikhani,https://www.redbus.in/bus-tickets/hyderabad-to-godavarikhani
TGSRTC - 7105,Super Luxury (Non AC Seater 2+2 Push Back),10:00,15:45,05h 45m,392,31 Seats available,3.7,Hyderabad to Godavarikhani,https://www.redbus.in/bus-tickets/hyderabad-to-godavarikhani
TGSRTC - 7163,Super Luxury (Non AC Seater 2+2 Push Back),11:00,16:30,05h 30m,392,31 Seats available,2.4,Hyderabad to Godavarikhani,https://www.redbus.in/bus-tickets/hyderabad-to-godavarikhani
TGSRTC - 7260,Super Luxury (Non AC Seater 2+2 Push Back),12:30,18:00,05h 30m,392,31 Seats available,4.7,Hyderabad to Godavarikhani,https://www.redbus.in/bus-tickets/hyderabad-to-godavarikhani
TGSRTC - 8026,LAHARI A/C SLEEPER CUM SEATER,13:00,18:45,05h 45m,476,38 Seats available,1.6,Hyderabad to Godavarikhani,https://www.redbus.in/bus-tickets/hyderabad-to-godavarikhani
TGSRTC - 9503,RAJDHANI (A.C. Semi Sleeper),13:00,18:30,05h 30m,476,30 Seats available,4.6,Hyderabad to Godavarikhani,https://www.redbus.in/bus-tickets/hyderabad-to-godavarikhani
TGSRTC - 7204,Super Luxury (Non AC Seater 2+2 Push Back),14:00,19:30,05h 30m,392,31 Seats available,3.7,Hyderabad to Godavarikhani,https://www.redbus.in/bus-tickets/hyderabad-to-godavarikhani
TGSRTC - 8045,Lahari Non A/C Sleeper Cum Seater,14:20,20:00,05h 40m,392,30 Seats available,3.3,Hyderabad to Godavarikhani,https://www.redbus.in/bus-tickets/hyderabad-to-godavarikhani
TGSRTC - 7267,Super Luxury (Non AC Seater 2+2 Push Back),14:30,20:00,05h 30m,392,31 Seats available,3.9,Hyderabad to Godavarikhani,https://www.redbus.in/bus-tickets/hyderabad-to-godavarikhani
TGSRTC - 7198,Super Luxury (Non AC Seater 2+2 Push Back),16:30,22:00,05h 30m,392,31 Seats available,3.5,Hyderabad to Godavarikhani,https://www.redbus.in/bus-tickets/hyderabad-to-godavarikhani
TGSRTC - 7331,Super Luxury (Non AC Seater 2+2 Push Back),17:30,23:15,05h 45m,392,26 Seats available,3.7,Hyderabad to Godavarikhani,https://www.redbus.in/bus-tickets/hyderabad-to-godavarikhani
TGSRTC - 8019,RAJDHANI (A.C. Semi Sleeper),18:00,23:00,05h 00m,476,31 Seats available,4.5,Hyderabad to Godavarikhani,https://www.redbus.in/bus-tickets/hyderabad-to-godavarikhani
Mythri Tours And Travels,A/C Sleeper (2+1),05:00,09:55,04h 55m,909,9 Seats available,2.1,Hyderabad to Godavarikhani,https://www.redbus.in/bus-tickets/hyderabad-to-godavarikhani
Orange Tours and Travels,Scania AC Multi Axle Sleeper (2+1),05:00,08:55,03h 55m,850,21 Seats available,1.6,Hyderabad to Godavarikhani,https://www.redbus.in/bus-tickets/hyderabad-to-godavarikhani
Morning Star Travels,A/C Sleeper (2+1),03:40,09:45,06h 05m,500,20 Seats available,4.0,Hyderabad to Godavarikhani,https://www.redbus.in/bus-tickets/hyderabad-to-godavarikhani
IRA Transports,VE A/C Sleeper (2+1),06:00,09:45,03h 45m,1199,12 Seats available,3.1,Hyderabad to Godavarikhani,https://www.redbus.in/bus-tickets/hyderabad-to-godavarikhani
SLVR Travels,Non A/C Seater / Sleeper (2+1),03:30,07:10,03h 40m,630,9 Seats available,2.5,Hyderabad to Armoor,https://www.redbus.in/bus-tickets/hyderabad-to-armoor
GDR Tours and Travels,Bharat Benz A/C Seater (2+2),18:00,21:30,03h 30m,456,44 Seats available,2.8,Hyderabad to Armoor,https://www.redbus.in/bus-tickets/hyderabad-to-armoor
Anish Travels,Non A/C Seater / Sleeper (2+1),02:30,06:30,04h 00m,700,8 Seats available,2.6,Hyderabad to Armoor,https://www.redbus.in/bus-tickets/hyderabad-to-armoor
Harikrishna Travels,Non A/C Seater / Sleeper (2+1),03:46,06:50,03h 04m,713,48 Seats available,4.0,Hyderabad to Armoor,https://www.redbus.in/bus-tickets/hyderabad-to-armoor
Vijayant Travels,Volvo 9600 Multi-Axle A/C Sleeper (2+1),21:40,01:10,03h 30m,1234,30 Seats available,4.0,Hyderabad to Armoor,https://www.redbus.in/bus-tickets/hyderabad-to-armoor
Vijayant Travels,A/C Sleeper (2+1),21:45,01:15,03h 30m,1900,24 Seats available,3.9,Hyderabad to Armoor,https://www.redbus.in/bus-tickets/hyderabad-to-armoor
Saini Travels Pvt. Ltd.,A/C Sleeper (2+1),21:30,01:40,04h 10m,1500,24 Seats available,3.2,Hyderabad to Armoor,https://www.redbus.in/bus-tickets/hyderabad-to-armoor
Orange Tours and Travels,A/C Sleeper (2+1),22:00,01:45,03h 45m,1300,33 Seats available,4.6,Hyderabad to Armoor,https://www.redbus.in/bus-tickets/hyderabad-to-armoor
VKV Travels,A/C Sleeper (2+1),06:30,11:30,05h 00m,1240,31 Seats available,4.6,Hyderabad to Armoor,https://www.redbus.in/bus-tickets/hyderabad-to-armoor
VKV Travels,A/C Sleeper (2+1),06:15,11:15,05h 00m,1440,29 Seats available,3.5,Hyderabad to Armoor,https://www.redbus.in/bus-tickets/hyderabad-to-armoor
TGSRTC - 40010,Super Luxury (Non AC Seater 2+2 Push Back),03:00,08:00,05h 00m,289,27 Seats available,3.7,Hyderabad to Kodad,https://www.redbus.in/bus-tickets/hyderabad-to-kodad
TGSRTC - 1463,RAJDHANI (A.C. Semi Sleeper),03:15,06:35,03h 20m,351,25 Seats available,3.5,Hyderabad to Kodad,https://www.redbus.in/bus-tickets/hyderabad-to-kodad
TGSRTC - 2980,Rajdhani (AC Semi Sleeper 2+2),03:55,09:30,05h 35m,351,31 Seats available,4.1,Hyderabad to Kodad,https://www.redbus.in/bus-tickets/hyderabad-to-kodad
TGSRTC - 4771,RAJDHANI (A.C. Semi Sleeper),03:55,07:30,03h 35m,351,20 Seats available,3.8,Hyderabad to Kodad,https://www.redbus.in/bus-tickets/hyderabad-to-kodad
TGSRTC - 1467,Rajdhani (AC Semi Sleeper 2+2),04:15,07:50,03h 35m,351,33 Seats available,5.0,Hyderabad to Kodad,https://www.redbus.in/bus-tickets/hyderabad-to-kodad
TGSRTC - 40231,Super Luxury (Non AC Seater 2+2 Push Back),04:45,08:20,03h 35m,289,31 Seats available,3.1,Hyderabad to Kodad,https://www.redbus.in/bus-tickets/hyderabad-to-kodad
TGSRTC - 40610,RAJDHANI (A.C. Semi Sleeper),04:55,10:30,05h 35m,351,25 Seats available,4.6,Hyderabad to Kodad,https://www.redbus.in/bus-tickets/hyderabad-to-kodad
TGSRTC - 40431,Super Luxury (Non AC Seater 2+2 Push Back),05:05,08:40,03h 35m,289,27 Seats available,2.6,Hyderabad to Kodad,https://www.redbus.in/bus-tickets/hyderabad-to-kodad
TGSRTC - 30262,Garuda Plus (Volvo/Benz AC Multi Axle Semi Sleeper 2+2),05:55,11:10,05h 15m,351,34 Seats available,3.3,Hyderabad to Kodad,https://www.redbus.in/bus-tickets/hyderabad-to-kodad
TGSRTC - 1343,RAJDHANI (A.C. Semi Sleeper),06:00,11:35,05h 35m,351,29 Seats available,4.0,Hyderabad to Kodad,https://www.redbus.in/bus-tickets/hyderabad-to-kodad
TGSRTC - 40030,Super Luxury (Non AC Seater 2+2 Push Back),06:05,09:40,03h 35m,289,30 Seats available,3.1,Hyderabad to Kodad,https://www.redbus.in/bus-tickets/hyderabad-to-kodad
TGSRTC - 1425,RAJDHANI (A.C. Semi Sleeper),06:30,12:05,05h 35m,351,35 Seats available,3.5,Hyderabad to Kodad,https://www.redbus.in/bus-tickets/hyderabad-to-kodad
TGSRTC - 30610,RAJDHANI (A.C. Semi Sleeper),07:00,12:35,05h 35m,351,12 Seats available,3.9,Hyderabad to Kodad,https://www.redbus.in/bus-tickets/hyderabad-to-kodad
TGSRTC - 41062,Super Luxury (Non AC Seater 2+2 Push Back),07:05,12:20,05h 15m,289,31 Seats available,4.3,Hyderabad to Kodad,https://www.redbus.in/bus-tickets/hyderabad-to-kodad
TGSRTC - 1739,RAJDHANI (A.C. Semi Sleeper),07:15,10:50,03h 35m,351,34 Seats available,4.4,Hyderabad to Kodad,https://www.redbus.in/bus-tickets/hyderabad-to-kodad
NueGo,Electric A/C Seater (2+2),05:00,10:30,05h 30m,427,14 Seats available,4.5,Hyderabad to Kodad,https://www.redbus.in/bus-tickets/hyderabad-to-kodad
NueGo,Electric A/C Seater (2+2),16:00,21:15,05h 15m,338,28 Seats available,5.0,Hyderabad to Kodad,https://www.redbus.in/bus-tickets/hyderabad-to-kodad
NueGo,Electric A/C Seater/Sleeper (2+1),22:00,03:25,05h 25m,493,27 Seats available,3.8,Hyderabad to Kodad,https://www.redbus.in/bus-tickets/hyderabad-to-kodad
NueGo,Electric A/C Seater/Sleeper (2+1),10:30,15:55,05h 25m,404,24 Seats available,4.1,Hyderabad to Kodad,https://www.redbus.in/bus-tickets/hyderabad-to-kodad
NueGo,Electric A/C Seater (2+2),22:30,04:15,05h 45m,400,31 Seats available,2.3,Hyderabad to Kodad,https://www.redbus.in/bus-tickets/hyderabad-to-kodad
TGSRTC - 7772,Super Luxury (Non AC Seater 2+2 Push Back),00:45,04:35,03h 50m,299,31 Seats available,3.5,Hyderabad to Nizamabad,https://www.redbus.in/bus-tickets/hyderabad-to-nizamabad
TGSRTC - 7835,Super Luxury (Non AC Seater 2+2 Push Back),01:50,07:15,05h 25m,299,31 Seats available,4.6,Hyderabad to Nizamabad,https://www.redbus.in/bus-tickets/hyderabad-to-nizamabad
TGSRTC - 6002,Super Luxury (Non AC Seater 2+2 Push Back),02:05,06:40,04h 35m,299,31 Seats available,3.9,Hyderabad to Nizamabad,https://www.redbus.in/bus-tickets/hyderabad-to-nizamabad
TGSRTC - 7770,Super Luxury (Non AC Seater 2+2 Push Back),02:15,06:25,04h 10m,299,27 Seats available,5.0,Hyderabad to Nizamabad,https://www.redbus.in/bus-tickets/hyderabad-to-nizamabad
TGSRTC - 7751,Super Luxury (Non AC Seater 2+2 Push Back),03:00,07:25,04h 25m,299,29 Seats available,4.3,Hyderabad to Nizamabad,https://www.redbus.in/bus-tickets/hyderabad-to-nizamabad
TGSRTC - 7742,Super Luxury (Non AC Seater 2+2 Push Back),03:05,07:45,04h 40m,299,31 Seats available,3.5,Hyderabad to Nizamabad,https://www.redbus.in/bus-tickets/hyderabad-to-nizamabad
TGSRTC - 7774,Lahari Non A/C Sleeper Cum Seater,03:30,07:55,04h 25m,299,39 Seats available,3.7,Hyderabad to Nizamabad,https://www.redbus.in/bus-tickets/hyderabad-to-nizamabad
TGSRTC - 7729,Lahari Non A/C Sleeper Cum Seater,03:30,07:55,04h 25m,299,40 Seats available,4.2,Hyderabad to Nizamabad,https://www.redbus.in/bus-tickets/hyderabad-to-nizamabad
TGSRTC - 7646,Super Luxury (Non AC Seater 2+2 Push Back),04:00,08:40,04h 40m,299,30 Seats available,2.1,Hyderabad to Nizamabad,https://www.redbus.in/bus-tickets/hyderabad-to-nizamabad
TGSRTC - 7762,Super Luxury (Non AC Seater 2+2 Push Back),04:20,09:10,04h 50m,299,32 Seats available,4.1,Hyderabad to Nizamabad,https://www.redbus.in/bus-tickets/hyderabad-to-nizamabad
TGSRTC - 6083,RAJDHANI (A.C. Semi Sleeper),04:25,08:30,04h 05m,361,34 Seats available,3.6,Hyderabad to Nizamabad,https://www.redbus.in/bus-tickets/hyderabad-to-nizamabad
TGSRTC - 7650,Super Luxury (Non AC Seater 2+2 Push Back),05:30,09:25,03h 55m,299,30 Seats available,4.0,Hyderabad to Nizamabad,https://www.redbus.in/bus-tickets/hyderabad-to-nizamabad
TGSRTC - 7607,RAJDHANI (A.C. Semi Sleeper),05:50,10:00,04h 10m,361,29 Seats available,4.8,Hyderabad to Nizamabad,https://www.redbus.in/bus-tickets/hyderabad-to-nizamabad
TGSRTC - 7695,LAHARI A/C SLEEPER CUM SEATER,05:50,09:30,03h 40m,363,28 Seats available,4.0,Hyderabad to Nizamabad,https://www.redbus.in/bus-tickets/hyderabad-to-nizamabad
TGSRTC - 6067,RAJDHANI (A.C. Semi Sleeper),08:15,12:00,03h 45m,361,35 Seats available,3.2,Hyderabad to Nizamabad,https://www.redbus.in/bus-tickets/hyderabad-to-nizamabad
Shree Khurana Shabrij Travels,A/C Sleeper (2+1),22:00,23:59,01h 59m,700,30 Seats available,3.1,Hyderabad to Nizamabad,https://www.redbus.in/bus-tickets/hyderabad-to-nizamabad
SLVR Travels,Non A/C Seater / Sleeper (2+1),03:30,06:50,03h 20m,630,9 Seats available,2.8,Hyderabad to Nizamabad,https://www.redbus.in/bus-tickets/hyderabad-to-nizamabad
Anish Travels,Non A/C Seater / Sleeper (2+1),02:30,05:45,03h 15m,700,4 Seats available,2.6,Hyderabad to Nizamabad,https://www.redbus.in/bus-tickets/hyderabad-to-nizamabad
Harikrishna Travels,Volvo Multi-Axle A/C Sleeper (2+1),05:40,07:30,01h 50m,618,11 Seats available,2.6,Hyderabad to Nizamabad,https://www.redbus.in/bus-tickets/hyderabad-to-nizamabad
Harikrishna Travels,Non A/C Seater / Sleeper (2+1),03:46,06:45,02h 59m,713,48 Seats available,3.9,Hyderabad to Nizamabad,https://www.redbus.in/bus-tickets/hyderabad-to-nizamabad
TGSRTC - 7350,Super Luxury (Non AC Seater 2+2 Push Back),03:30,07:45,04h 15m,365,26 Seats available,3.0,Hyderabad to Jagityal,https://www.redbus.in/bus-tickets/hyderabad-to-jagityal
TGSRTC - 7476,Super Luxury (Non AC Seater 2+2 Push Back),07:30,12:30,05h 00m,365,21 Seats available,2.1,Hyderabad to Jagityal,https://www.redbus.in/bus-tickets/hyderabad-to-jagityal
TGSRTC - 7791,Super Luxury (Non AC Seater 2+2 Push Back),10:15,14:40,04h 25m,365,30 Seats available,3.6,Hyderabad to Jagityal,https://www.redbus.in/bus-tickets/hyderabad-to-jagityal
TGSRTC - 7321,Super Luxury (Non AC Seater 2+2 Push Back),10:50,15:05,04h 15m,365,28 Seats available,2.9,Hyderabad to Jagityal,https://www.redbus.in/bus-tickets/hyderabad-to-jagityal
TGSRTC - 7543,Super Luxury (Non AC Seater 2+2 Push Back),11:00,15:25,04h 25m,365,31 Seats available,4.9,Hyderabad to Jagityal,https://www.redbus.in/bus-tickets/hyderabad-to-jagityal
TGSRTC - 7346,Super Luxury (Non AC Seater 2+2 Push Back),12:20,16:35,04h 15m,365,31 Seats available,2.9,Hyderabad to Jagityal,https://www.redbus.in/bus-tickets/hyderabad-to-jagityal
TGSRTC - 7360,Super Luxury (Non AC Seater 2+2 Push Back),15:00,19:15,04h 15m,365,32 Seats available,3.9,Hyderabad to Jagityal,https://www.redbus.in/bus-tickets/hyderabad-to-jagityal
TGSRTC - 7376,Super Luxury (Non AC Seater 2+2 Push Back),16:50,21:05,04h 15m,365,31 Seats available,4.6,Hyderabad to Jagityal,https://www.redbus.in/bus-tickets/hyderabad-to-jagityal
TGSRTC - 7468,RAJDHANI (A.C. Semi Sleeper),17:00,21:40,04h 40m,442,25 Seats available,3.6,Hyderabad to Jagityal,https://www.redbus.in/bus-tickets/hyderabad-to-jagityal
TGSRTC - 7315,Super Luxury (Non AC Seater 2+2 Push Back),19:15,23:30,04h 15m,365,30 Seats available,3.2,Hyderabad to Jagityal,https://www.redbus.in/bus-tickets/hyderabad-to-jagityal
TGSRTC - 7354,Super Luxury (Non AC Seater 2+2 Push Back),21:05,01:20,04h 15m,365,31 Seats available,4.3,Hyderabad to Jagityal,https://www.redbus.in/bus-tickets/hyderabad-to-jagityal
TGSRTC - 7358,Super Luxury (Non AC Seater 2+2 Push Back),22:15,02:30,04h 15m,365,31 Seats available,3.7,Hyderabad to Jagityal,https://www.redbus.in/bus-tickets/hyderabad-to-jagityal
TGSRTC - 7419,Super Luxury (Non AC Seater 2+2 Push Back),23:00,04:00,05h 00m,365,31 Seats available,4.3,Hyderabad to Jagityal,https://www.redbus.in/bus-tickets/hyderabad-to-jagityal
TGSRTC - 7423,Super Luxury (Non AC Seater 2+2 Push Back),23:45,04:40,04h 55m,365,31 Seats available,3.6,Hyderabad to Jagityal,https://www.redbus.in/bus-tickets/hyderabad-to-jagityal
TGSRTC - 7404,Super Luxury (Non AC Seater 2+2 Push Back),23:59,04:00,04h 01m,365,21 Seats available,3.1,Hyderabad to Jagityal,https://www.redbus.in/bus-tickets/hyderabad-to-jagityal
SLVR Travels,Non A/C Seater / Sleeper (2+1),03:30,08:15,04h 45m,630,5 Seats available,2.8,Hyderabad to Jagityal,https://www.redbus.in/bus-tickets/hyderabad-to-jagityal
Anish Travels,Non A/C Seater / Sleeper (2+1),02:30,07:35,05h 05m,700,8 Seats available,2.6,Hyderabad to Jagityal,https://www.redbus.in/bus-tickets/hyderabad-to-jagityal
Shree Saipooja Travels,A/C Seater/Sleeper (2+1),06:30,11:15,04h 45m,2850,42 Seats available,1.0,Hyderabad to Jagityal,https://www.redbus.in/bus-tickets/hyderabad-to-jagityal
Harikrishna Travels,Non A/C Seater / Sleeper (2+1),05:00,09:00,04h 00m,4749,30 Seats available,4.0,Hyderabad to Jagityal,https://www.redbus.in/bus-tickets/hyderabad-to-jagityal
TGSRTC - 7150,RAJDHANI (A.C. Semi Sleeper),00:30,04:45,04h 15m,442,29 Seats available,4.1,Jagityal to Hyderabad,https://www.redbus.in/bus-tickets/jagityal-to-hyderabad
TGSRTC - 7475,Super Luxury (Non AC Seater 2+2 Push Back),00:30,04:40,04h 10m,365,27 Seats available,4.1,Jagityal to Hyderabad,https://www.redbus.in/bus-tickets/jagityal-to-hyderabad
TGSRTC - 7306,Super Luxury (Non AC Seater 2+2 Push Back),04:15,08:30,04h 15m,365,31 Seats available,3.8,Jagityal to Hyderabad,https://www.redbus.in/bus-tickets/jagityal-to-hyderabad
TGSRTC - 7343,Super Luxury (Non AC Seater 2+2 Push Back),05:00,09:45,04h 45m,365,15 Seats available,3.1,Jagityal to Hyderabad,https://www.redbus.in/bus-tickets/jagityal-to-hyderabad
TGSRTC - 7353,Super Luxury (Non AC Seater 2+2 Push Back),06:05,10:35,04h 30m,365,31 Seats available,4.6,Jagityal to Hyderabad,https://www.redbus.in/bus-tickets/jagityal-to-hyderabad
TGSRTC - 7357,Super Luxury (Non AC Seater 2+2 Push Back),06:45,11:05,04h 20m,365,31 Seats available,4.4,Jagityal to Hyderabad,https://www.redbus.in/bus-tickets/jagityal-to-hyderabad
TGSRTC - 7386,Super Luxury (Non AC Seater 2+2 Push Back),07:55,12:05,04h 10m,365,31 Seats available,4.0,Jagityal to Hyderabad,https://www.redbus.in/bus-tickets/jagityal-to-hyderabad
TGSRTC - 7467,RAJDHANI (A.C. Semi Sleeper),09:40,14:05,04h 25m,442,19 Seats available,4.1,Jagityal to Hyderabad,https://www.redbus.in/bus-tickets/jagityal-to-hyderabad
TGSRTC - 7349,Super Luxury (Non AC Seater 2+2 Push Back),10:45,15:00,04h 15m,365,31 Seats available,3.8,Jagityal to Hyderabad,https://www.redbus.in/bus-tickets/jagityal-to-hyderabad
TGSRTC - 7155,Super Luxury (Non AC Seater 2+2 Push Back),11:30,16:05,04h 35m,365,31 Seats available,3.1,Jagityal to Hyderabad,https://www.redbus.in/bus-tickets/jagityal-to-hyderabad
SLVR Travels,Non A/C Seater / Sleeper (2+1),17:10,23:35,06h 25m,810,32 Seats available,3.1,Jagityal to Hyderabad,https://www.redbus.in/bus-tickets/jagityal-to-hyderabad
SLVR Travels,Non A/C Seater / Sleeper (2+1),17:10,23:15,06h 05m,810,35 Seats available,2.8,Jagityal to Hyderabad,https://www.redbus.in/bus-tickets/jagityal-to-hyderabad
Anish Travels,Non A/C Seater / Sleeper (2+1),17:00,22:40,05h 40m,699,28 Seats available,2.6,Jagityal to Hyderabad,https://www.redbus.in/bus-tickets/jagityal-to-hyderabad
Harikrishna Travels,Non A/C Seater / Sleeper (2+1),17:30,23:55,06h 25m,760,31 Seats available,2.6,Jagityal to Hyderabad,https://www.redbus.in/bus-tickets/jagityal-to-hyderabad
Harikrishna Travels,Non A/C Seater / Sleeper (2+1),17:25,23:00,05h 35m,760,46 Seats available,4.5,Jagityal to Hyderabad,https://www.redbus.in/bus-tickets/jagityal-to-hyderabad
TGSRTC - 7194,Super Luxury (Non AC Seater 2+2 Push Back),00:05,05:20,05h 15m,392,30 Seats available,4.0,Godavarikhani to Hyderabad,https://www.redbus.in/bus-tickets/godavarikhani-to-hyderabad
TGSRTC - 7104,Super Luxury (Non AC Seater 2+2 Push Back),04:00,08:45,04h 45m,392,28 Seats available,4.6,Godavarikhani to Hyderabad,https://www.redbus.in/bus-tickets/godavarikhani-to-hyderabad
TGSRTC - 7186,,05:00,09:30,04h 30m,392,20 Seats available,,Godavarikhani to Hyderabad,https://www.redbus.in/bus-tickets/godavarikhani-to-hyderabad
,,,,,,,,Godavarikhani to Hyderabad,https://www.redbus.in/bus-tickets/godavarikhani-to-hyderabad
,,,,,,,,Godavarikhani to Hyderabad,https://www.redbus.in/bus-tickets/godavarikhani-to-hyderabad
,,,,,,,,Godavarikhani to Hyderabad,https://www.redbus.in/bus-tickets/godavarikhani-to-hyderabad
,,,,,,,,Godavarikhani to Hyderabad,https://www.redbus.in/bus-tickets/godavarikhani-to-hyderabad
,,,,,,,,Godavarikhani to Hyderabad,https://www.redbus.in/bus-tickets/godavarikhani-to-hyderabad
,,,,,,,,Godavarikhani to Hyderabad,https://www.redbus.in/bus-tickets/godavarikhani-to-hyderabad
,,,,,,,4.3,Godavarikhani to Hyderabad,https://www.redbus.in/bus-tickets/godavarikhani-to-hyderabad
APSRTC - 3356,NIGHT RIDER (SEATER CUM SLEEPER),15:00,02:10,11h 10m,898,25 Seats available,3.3,Hyderabad to Rajahmundry,https://www.redbus.in/bus-tickets/hyderabad-to-rajahmundry
APSRTC - 3500,"SUPER LUXURY (NON-AC, 2 + 2 PUSH BACK)",15:45,04:15,12h 30m,731,32 Seats available,4.7,Hyderabad to Rajahmundry,https://www.redbus.in/bus-tickets/hyderabad-to-rajahmundry
APSRTC - 3376,"SUPER LUXURY (NON-AC, 2 + 2 PUSH BACK)",16:45,02:00,09h 15m,699,29 Seats available,,Hyderabad to Rajahmundry,https://www.redbus.in/bus-tickets/hyderabad-to-rajahmundry
,,,,,,,,Hyderabad to Rajahmundry,https://www.redbus.in/bus-tickets/hyderabad-to-rajahmundry
,,,,,,,,Hyderabad to Rajahmundry,https://www.redbus.in/bus-tickets/hyderabad-to-rajahmundry
,,,,,,,,Hyderabad to Rajahmundry,https://www.redbus.in/bus-tickets/hyderabad-to-rajahmundry
,,,,,,,,Hyderabad to Rajahmundry,https://www.redbus.in/bus-tickets/hyderabad-to-rajahmundry
,,,,,,,,Hyderabad to Rajahmundry,https://www.redbus.in/bus-tickets/hyderabad-to-rajahmundry
,,,,,,,,Hyderabad to Rajahmundry,https://www.redbus.in/bus-tickets/hyderabad-to-rajahmundry
,,,,,,,3.5,Hyderabad to Rajahmundry,https://www.redbus.in/bus-tickets/hyderabad-to-rajahmundry
TGSRTC - 8865,Super Luxury (Non AC Seater 2+2 Push Back),01:30,08:20,06h 50m,473,31 Seats available,3.6,Hyderabad to Palavancha (palwancha),https://www.redbus.in/bus-tickets/hyderabad-to-palvancha
TGSRTC - 6915,Deluxe (Non AC Seater 2+2),04:00,10:35,06h 35m,415,35 Seats available,4.8,Hyderabad to Palavancha (palwancha),https://www.redbus.in/bus-tickets/hyderabad-to-palvancha
TGSRTC - 1318,LAHARI A/C SLEEPER CUM SEATER,04:40,12:20,07h 40m,574,22 Seats available,,Hyderabad to Palavancha (palwancha),https://www.redbus.in/bus-tickets/hyderabad-to-palvancha
,,,,,,,,Hyderabad to Palavancha (palwancha),https://www.redbus.in/bus-tickets/hyderabad-to-palvancha
,,,,,,,,Hyderabad to Palavancha (palwancha),https://www.redbus.in/bus-tickets/hyderabad-to-palvancha
,,,,,,,,Hyderabad to Palavancha (palwancha),https://www.redbus.in/bus-tickets/hyderabad-to-palvancha
,,,,,,,,Hyderabad to Palavancha (palwancha),https://www.redbus.in/bus-tickets/hyderabad-to-palvancha
,,,,,,,,Hyderabad to Palavancha (palwancha),https://www.redbus.in/bus-tickets/hyderabad-to-palvancha
,,,,,,,,Hyderabad to Palavancha (palwancha),https://www.redbus.in/bus-tickets/hyderabad-to-palvancha
,,,,,,,3.3,Hyderabad to Palavancha (palwancha),https://www.redbus.in/bus-tickets/hyderabad-to-palvancha
TGSRTC - 41962,Super Luxury (Non AC Seater 2+2 Push Back),08:10,10:50,02h 40m,289,32 Seats available,3.3,Kodad to Hyderabad,https://www.redbus.in/bus-tickets/kodad-to-hyderabad
TGSRTC - 1596,RAJDHANI (A.C. Semi Sleeper),08:30,10:30,02h 00m,351,32 Seats available,3.6,Kodad to Hyderabad,https://www.redbus.in/bus-tickets/kodad-to-hyderabad
TGSRTC - 1571,Super Luxury (Non AC Seater 2+2 Push Back),08:30,11:10,02h 40m,289,46 Seats available,,Kodad to Hyderabad,https://www.redbus.in/bus-tickets/kodad-to-hyderabad
,,,,,,,,Kodad to Hyderabad,https://www.redbus.in/bus-tickets/kodad-to-hyderabad
,,,,,,,,Kodad to Hyderabad,https://www.redbus.in/bus-tickets/kodad-to-hyderabad
,,,,,,,,Kodad to Hyderabad,https://www.redbus.in/bus-tickets/kodad-to-hyderabad
,,,,,,,,Kodad to Hyderabad,https://www.redbus.in/bus-tickets/kodad-to-hyderabad
,,,,,,,,Kodad to Hyderabad,https://www.redbus.in/bus-tickets/kodad-to-hyderabad
,,,,,,,,Kodad to Hyderabad,https://www.redbus.in/bus-tickets/kodad-to-hyderabad
,,,,,,,4.3,Kodad to Hyderabad,https://www.redbus.in/bus-tickets/kodad-to-hyderabad
APSRTC - 51626,"SUPER LUXURY (NON-AC, 2 + 2 PUSH BACK)",00:30,04:40,04h 10m,344,33 Seats available,3.5,Hyderabad to Kurnool,https://www.redbus.in/bus-tickets/hyderabad-to-kurnool
APSRTC - 51607,"SUPER LUXURY (NON-AC, 2 + 2 PUSH BACK)",01:00,05:15,04h 15m,344,28 Seats available,4.0,Hyderabad to Kurnool,https://www.redbus.in/bus-tickets/hyderabad-to-kurnool
APSRTC - 51130,,01:15,05:45,04h 30m,416,33 Seats available,,Hyderabad to Kurnool,https://www.redbus.in/bus-tickets/hyderabad-to-kurnool
,,,,,,,,Hyderabad to Kurnool,https://www.redbus.in/bus-tickets/hyderabad-to-kurnool
,,,,,,,,Hyderabad to Kurnool,https://www.redbus.in/bus-tickets/hyderabad-to-kurnool
,,,,,,,,Hyderabad to Kurnool,https://www.redbus.in/bus-tickets/hyderabad-to-kurnool
,,,,,,,,Hyderabad to Kurnool,https://www.redbus.in/bus-tickets/hyderabad-to-kurnool
,,,,,,,,Hyderabad to Kurnool,https://www.redbus.in/bus-tickets/hyderabad-to-kurnool
,,,,,,,,Hyderabad to Kurnool,https://www.redbus.in/bus-tickets/hyderabad-to-kurnool
,,,,,,,5.0,Hyderabad to Kurnool,https://www.redbus.in/bus-tickets/hyderabad-to-kurnool
